Product Name,Grade,Generic Polymer Type,Generic Polymer Symbol,Density,Tensile Strength at Yield,Flexural Modulus,Flexural Strength,Tensile Modulus,Glass Transition Temperature,Melt Mass-Flow Rate (MFR)
Plaslube®,PEEK 1041 A,Polyetheretherketone,PEEK,1.46,95.8,10400.0,159.0,,,
Plaslube®,PEEK CF15 T/GL15 A,Polyetheretherketone,PEEK,1.46,,9650.0,234.0,,,
Plaslube®,PEEK CF15 TL15 A,Polyetheretherketone,PEEK,1.43,,12400.0,262.0,,,
Plaslube®,PEEK T/GL20,Polyetheretherketone,PEEK,1.42,,4100.0,165.0,,,
HiFill®,PEEK GF10,Polyetheretherketone,PEEK,1.39,,5310.0,153.0,,,
HiFill®,PEEK GF33,Polyetheretherketone,PEEK,1.5,,10000.0,234.0,,,
HiFill®,PEEK GF40 A HF,Polyetheretherketone,PEEK,1.61,,13800.0,303.0,,,
SUMIPLOY®,CK3400,Polyetheretherketone,PEEK,1.36,,12900.0,305.0,13900.0,,
WR®,300,Polyetheretherketone,PEEK,1.43,,10900.0,212.0,10800.0,,
Arlon®,1555,Polyetheretherketone,PEEK,1.46,,9650.0,228.0,11400.0,,
Arlon®,3000 XT,Polyetheretherketone,PEEK,1.29,118.0,4330.0,161.0,3850.0,,
TECAPEEK®,black,Polyetheretherketone,PEEK,1.31,110.0,4140.0,179.0,4480.0,150.0,
TECAPEEK®,CM GF30 natural (XP91),Polyetheretherketone,PEEK,1.56,,6890.0,131.0,7240.0,,
TECAPEEK®,ELS nano black,Polyetheretherketone,PEEK,1.36,,4700.0,178.0,4800.0,147.0,
TECAPEEK®,IM CF30 black,Polyetheretherketone,PEEK,1.41,186.0,12800.0,318.0,13000.0,,
VESTAKEEP® Care,M40R,Polyetheretherketone,PEEK,1.3,110.0,4050.0,175.0,4050.0,,
VESTAKEEP®,1000P,Polyetheretherketone,PEEK,1.3,100.0,,,3900.0,150.0,
VESTAKEEP®,2000 CF30,Polyetheretherketone,PEEK,1.41,,21500.0,390.0,24000.0,146.0,
VESTAKEEP®,2000 UFP20,Polyetheretherketone,PEEK,1.3,100.0,,,3700.0,,
VESTAKEEP®,4000 CF20,Polyetheretherketone,PEEK,1.36,,,,16900.0,,
VESTAKEEP®,4000 CF30,Polyetheretherketone,PEEK,1.4,,,,23000.0,,
VESTAKEEP®,DC4450 G,Polyetheretherketone,PEEK,1.51,95.0,,,4100.0,154.0,
VESTAKEEP®,DC4470 G,Polyetheretherketone,PEEK,1.36,95.0,,,3600.0,153.0,
VESTAKEEP®,DC4470 R,Polyetheretherketone,PEEK,1.36,110.0,4400.0,170.0,4400.0,,
VESTAKEEP®,i2 P,Polyetheretherketone,PEEK,1.3,100.0,,,3600.0,,
VESTAKEEP®,i4 3DF-T,Polyetheretherketone,PEEK,1.3,94.0,,,3500.0,152.0,
VESTAKEEP®,i4 R,Polyetheretherketone,PEEK,1.3,109.0,4050.0,160.0,4000.0,,
VESTAKEEP®,i5 R,Polyetheretherketone,PEEK,1.3,105.0,3850.0,,3900.0,,
VESTAKEEP®,iC 4520 G,Polyetheretherketone,PEEK,1.5,85.0,,,4350.0,145.0,
LNP™ THERMOCOMP™ Compound,LC003E - Asia,Polyetheretherketone,PEEK,1.33,,9510.0,263.0,10500.0,,
LNP™ THERMOCOMP™ Compound,LC006 - Europe,Polyetheretherketone,PEEK,1.4,,17000.0,,24100.0,,
LNP™ THERMOCOMP™ Compound,LC008E - Asia,Polyetheretherketone,PEEK,1.47,,26900.0,352.0,30500.0,,
LNP™ THERMOCOMP™ Compound,LC008EXP,Polyetheretherketone,PEEK,1.45,,22900.0,,26200.0,,
LNP™ THERMOCOMP™ Compound,LC00APXQ,Polyetheretherketone,PEEK,1.48,,40700.0,473.0,47400.0,,
LNP™ THERMOCOMP™ Compound,LCF62E - Asia,Polyetheretherketone,PEEK,1.57,,36500.0,391.0,41100.0,,
LNP™ THERMOCOMP™ Compound,LCF62E - Europe,Polyetheretherketone,PEEK,1.57,,36500.0,391.0,41100.0,,
LNP™ THERMOCOMP™ Compound,LF002 - Europe,Polyetheretherketone,PEEK,1.37,97.0,4700.0,,5700.0,,
LNP™ THERMOCOMP™ Compound,LF002EXD-WT02005,Polyetheretherketone,PEEK,1.86,,7700.0,169.0,8700.0,,
LNP™ THERMOCOMP™ Compound,LF006 - Asia,Polyetheretherketone,PEEK,1.54,,10800.0,263.0,13100.0,,
LNP™ THERMOCOMP™ Compound,LF006E - Americas,Polyetheretherketone,PEEK,1.53,,11000.0,278.0,12900.0,,
LNP™ LUBRICOMP™ Compound,LCL33 - Americas,Polyetheretherketone,PEEK,1.43,,13000.0,230.0,14500.0,,
LNP™ LUBRICOMP™ Compound,LCL33E,Polyetheretherketone,PEEK,1.43,,13000.0,230.0,14700.0,,30.0
LNP™ LUBRICOMP™ Compound,LCL36,Polyetheretherketone,PEEK,1.47,,16300.0,,13500.0,,
LNP™ LUBRICOMP™ Compound,LL003,Polyetheretherketone,PEEK,1.39,62.0,2750.0,92.0,3070.0,,
LNP™ LUBRICOMP™ Compound,LX19222,Polyetheretherketone,PEEK,1.44,,10500.0,215.0,12000.0,,
Sciengy®,PEEK-SGC301ATF,Polyetheretherketone,PEEK,1.4,,25500.0,380.0,30000.0,143.0,
Sciengy®,PEEK-SGRN10G,Polyetheretherketone,PEEK,1.3,,3800.0,160.0,3700.0,150.0,15.0
Zeniva®,ZA-500 L,Polyetheretherketone,PEEK,1.29,95.0,4000.0,,3600.0,150.0,
Zeniva®,ZA-550 L,Polyetheretherketone,PEEK,1.29,96.0,3700.0,,3800.0,150.0,
Zeniva®,ZA-600 BK,Polyetheretherketone,PEEK,1.3,99.0,4000.0,,3800.0,148.0,
KetaSpire®,KT-820 NL,Polyetheretherketone,PEEK,1.3,96.0,3700.0,146.0,3500.0,150.0,3.0
KetaSpire®,KT-820SFP,Polyetheretherketone,PEEK,1.3,,3860.0,152.0,3650.0,150.0,3.0
KetaSpire®,KT-850P,Polyetheretherketone,PEEK,1.3,,3860.0,152.0,3650.0,150.0,10.0
KetaSpire®,KT-880 ACF30,Polyetheretherketone,PEEK,1.41,,24900.0,374.0,27500.0,,
KetaSpire®,KT-880 FW31,Polyetheretherketone,PEEK,1.44,,14500.0,250.0,18200.0,145.0,
KetaSpire®,KT-880 GF15,Polyetheretherketone,PEEK,1.41,,,231.0,6700.0,,
KetaSpire®,KT-880 NL,Polyetheretherketone,PEEK,1.3,,3800.0,153.0,3700.0,147.0,36.0
KetaSpire®,KT-880FP,Polyetheretherketone,PEEK,1.3,102.0,3800.0,134.0,3700.0,147.0,36.0
KetaSpire®,XT-920 GF30,Polyetheretherketone,PEEK,1.51,,9900.0,258.0,10700.0,170.0,3.5
EverGlide®,SG3204P,Polyetheretherketone,PEEK,1.41,77.9,2410.0,96.5,,,
EverGlide®,SG3208T,Polyetheretherketone,PEEK,1.45,51.7,2620.0,96.5,,,
EverGlide®,SG3264,Polyetheretherketone,PEEK,1.41,77.9,2410.0,96.5,,,
DynaMix™,3204-HF,Polyetheretherketone,PEEK,,79.3,3450.0,138.0,,,
DynaMix™,3216-HF,Polyetheretherketone,PEEK,1.31,93.8,3310.0,134.0,,,
Pyramid™,CC100,Polyetheretherketone,PEEK,1.5,,34000.0,,36000.0,143.0,
Pyramid™,KD2000 Compression Molded Shape,Polyetheretherketone,PEEK,1.3,,3100.0,172.0,3100.0,,
Pyramid™,KD2000-J01,Polyetheretherketone,PEEK,1.3,,3500.0,,3500.0,143.0,20.0
Pyramid™,KD2000-R02,Polyetheretherketone,PEEK,1.3,,4000.0,,3500.0,143.0,20.0
Pyramid™,KD2219,Polyetheretherketone,PEEK,1.45,,13000.0,,9000.0,143.0,
Pyramid™,KD2530-NT,Polyetheretherketone,PEEK,1.42,,3450.0,,3170.0,143.0,
AUROtec®,PEEK 90 black,Polyetheretherketone,PEEK,1.29,100.0,,,4000.0,,
LubriOne™,LB9800-8001 AR Black,Polyetheretherketone,PEEK,1.43,,9500.0,,12500.0,,
Edgetek™,PK-000/000 Natural,Polyetheretherketone,PEEK,1.3,98.0,3350.0,,3700.0,143.0,
AKROTEK®,PEEK GF 20 9 natural (7989),Polyetheretherketone,PEEK,1.43,,,,8800.0,,
AKROTEK®,PEEK GF 30 natural (7938),Polyetheretherketone,PEEK,1.5,,,,12000.0,,
AKROTEK®,PEEK GF 60 9 natural (5425),Polyetheretherketone,PEEK,1.85,,,,23500.0,,
InStruc®,PEEKCF40HF,Polyetheretherketone,PEEK,1.45,,29000.0,,,,
InLube®,PEEKGF30TF15HFMD,Polyetheretherketone,PEEK,1.58,,6890.0,148.0,,,
InElec®,PEEKCF10HF,Polyetheretherketone,PEEK,1.33,,9650.0,262.0,11000.0,,
ColorRx®,PEEK-3000RX,Polyetheretherketone,PEEK,1.3,99.3,3790.0,152.0,,,36.0
ColorFast®,PEEK381G R3 Black,Polyetheretherketone,PEEK,1.3,,4000.0,165.0,4000.0,,
TECACOMP®,PEEK 150 TF20 natural 9576,Polyetheretherketone,PEEK,1.4,,,,3000.0,143.0,12.0
TECACOMP®,PEEK 450 CF30 black 3642,Polyetheretherketone,PEEK,1.4,,,,22000.0,143.0,
TECACOMP®,PEEK 450 CF30 MP black 4225,Polyetheretherketone,PEEK,1.4,,,,20400.0,143.0,
TECACOMP®,PEEK 450 CMF grey 3850,Polyetheretherketone,PEEK,1.62,,,,4800.0,143.0,
TECACOMP®,PEEK 450 CMF white 3809,Polyetheretherketone,PEEK,1.63,,,,5000.0,143.0,
TECACOMP®,PEEK 450 GF30 natural 1053920,Polyetheretherketone,PEEK,1.51,,,,10500.0,143.0,2.5
TECACOMP®,PEEK 450 ID blue 3865,Polyetheretherketone,PEEK,1.44,96.0,,,4300.0,143.0,7.0
TECACOMP®,PEEK 450 MED  black 3960,Polyetheretherketone,PEEK,1.3,,,,3700.0,143.0,
TECACOMP®,PEEK 450 MED yellow 9600,Polyetheretherketone,PEEK,1.3,,,,3800.0,143.0,
TECACOMP®,PEEK CF30 black 1056340,Polyetheretherketone,PEEK,1.41,,,,19500.0,143.0,
TECACOMP®,PEEK HT black 3169,Polyetheretherketone,PEEK,1.36,,,,3800.0,143.0,
TECACOMP®,PEEK PVX X10 3740,Polyetheretherketone,PEEK,1.61,,,,13500.0,143.0,19.0
TECACOMP®,PEEK SD black 1046375,Polyetheretherketone,PEEK,1.71,,,,9100.0,143.0,
TECACOMP®,PEEK TRM XS mod. black 1017677,Polyetheretherketone,PEEK,1.39,,,,16000.0,143.0,
DURAPEEK,1000CF30,Polyetheretherketone,PEEK,1.4,,24000.0,380.0,28000.0,,
DURAPEEK,1000SHF,Polyetheretherketone,PEEK,1.3,,,,3800.0,,
DURAPEEK,LS30GF2,Polyetheretherketone,PEEK,1.5,,6850.0,162.0,,,
Devlon,PEEK,Polyetheretherketone,PEEK,1.49,,,170.0,3900.0,,
Stat-Tech™,ST9800-8015 CR ESD BK001,Polyetheretherketone,PEEK,1.31,,3600.0,150.0,,,
Badatech HT®,PEEK,Polyetheretherketone,PEEK,1.3,95.0,,115.0,3800.0,,
Badatech HT®,PEEK CF10/GR10/TF10,Polyetheretherketone,PEEK,1.44,,,,13000.0,,
Carbo-Rite™,A-1441,Polyetheretherketone,PEEK,1.35,,18000.0,,,,
Ketron®,1000 PEEK SP,Polyetheretherketone,PEEK,1.31,,,,4400.0,,
Ketron®,CM CA30 PEEK,Polyetheretherketone,PEEK,1.42,,6890.0,159.0,9650.0,,
Ketron®,TF20 PEEK SP,Polyetheretherketone,PEEK,1.41,,,,3400.0,,
Ketron®,TX PEEK FG,Polyetheretherketone,PEEK,1.39,,,,3750.0,,
Witcom PEEK,6C/3L1-EM,Polyetheretherketone,PEEK,1.49,175.0,18500.0,255.0,,,
PFLUON®,8900G,Polyetheretherketone,PEEK,1.3,,4300.0,180.0,3700.0,143.0,
WDF® PEEK,K900GF20-MV,Polyetheretherketone,PEEK,1.43,,8800.0,245.0,,,11.0
WDF® PEEK,K900GF30-LV,Polyetheretherketone,PEEK,1.52,,11500.0,275.0,,,28.0
VAMPEEK,A 5010,Polyetheretherketone,PEEK,1.67,,,,17000.0,,
VICTREX™ PEEK POLYMER,150FC30,Polyetheretherketone,PEEK,1.45,,12000.0,230.0,13500.0,143.0,
VICTREX™ PEEK POLYMER,450CA30,Polyetheretherketone,PEEK,1.4,,24000.0,380.0,28000.0,143.0,
VICTREX™ PEEK POLYMER,450GL15,Polyetheretherketone,PEEK,1.38,,7200.0,240.0,7500.0,143.0,
VICTREX™ PEEK POLYMER,450P,Polyetheretherketone,PEEK,1.3,98.0,3800.0,160.0,4000.0,143.0,
VICTREX™ PEEK POLYMER,90GL30,Polyetheretherketone,PEEK,1.52,,11500.0,290.0,12000.0,143.0,
VICTREX FG™ POLYMER,200/201,Polyetheretherketone,PEEK,1.3,95.0,3600.0,155.0,,143.0,
VICTREX FG™ POLYMER,340,Polyetheretherketone,PEEK,1.44,,17000.0,290.0,,143.0,
VICTREX FG™ POLYMER,700 FPD,Polyetheretherketone,PEEK,1.3,,3900.0,170.0,4100.0,143.0,
Latilub,88/50-20GRT K/10,Polyetheretherketone,PEEK,1.45,,,,12500.0,,
Larpeek,10 GCE/600,Polyetheretherketone,PEEK,1.93,,,,17600.0,,
LUVOCOM®,1105/GF/20/EM NC,Polyetheretherketone,PEEK,1.44,,7000.0,190.0,8000.0,,
LUVOCOM®,1105/TF/20/NAT,Polyetheretherketone,PEEK,1.4,,3000.0,115.0,3500.0,,
LUVOCOM®,1105/XCF/30,Polyetheretherketone,PEEK,1.41,,28000.0,445.0,33000.0,,
LUVOCOM®,1105-0904/GN2,Polyetheretherketone,PEEK,1.56,,10000.0,212.0,12000.0,,
LUVOCOM®,1105-7678,Polyetheretherketone,PEEK,1.56,,11000.0,215.0,14000.0,,
LUVOCOM®,1105-8000,Polyetheretherketone,PEEK,1.56,,14000.0,235.0,16000.0,,
LUVOCOM®,1105-8709/GY,Polyetheretherketone,PEEK,1.35,,3300.0,150.0,4400.0,,
LUVOCOM®,3F PEEK CF 9676 BK,Polyetheretherketone,PEEK,1.36,,,,7800.0,,16.0
TRIBOFORCE®,PEEK C2300,Polyetheretherketone,PEEK,1.59,,,,13000.0,,
SUSTAPEEK,FG natural,Polyetheretherketone,PEEK,1.31,110.0,,,4000.0,,
SUSTAPEEK,MG natural,Polyetheretherketone,PEEK,1.31,110.0,,,4000.0,,
SUSTAPEEK,MOD black,Polyetheretherketone,PEEK,1.46,75.0,,,4900.0,,
RTP,2200 HF TFE 20,Polyetheretherketone,PEEK,1.4,,3450.0,121.0,3100.0,,
RTP,2200 LF,Polyetheretherketone,PEEK,1.3,,3790.0,145.0,3790.0,,
RTP,2202 HF Z,Polyetheretherketone,PEEK,1.4,,6210.0,207.0,6890.0,,
RTP,2205 HF TFE 15,Polyetheretherketone,PEEK,1.63,,11400.0,241.0,12800.0,,
RTP,2205 HF Z,Polyetheretherketone,PEEK,1.53,,11000.0,248.0,11700.0,,
RTP,2205 LF TFE 15,Polyetheretherketone,PEEK,1.64,,11000.0,234.0,12800.0,,
RTP,2207 HF,Polyetheretherketone,PEEK,1.61,,14500.0,314.0,15200.0,,
RTP,2211 HF,Polyetheretherketone,PEEK,1.84,,24100.0,310.0,25500.0,,
RTP,2281 LF,Polyetheretherketone,PEEK,1.33,,10300.0,262.0,11700.0,,
RTP,2287 HF,Polyetheretherketone,PEEK,1.45,,31000.0,400.0,35200.0,,
RTP,2299 X 108578 B,Polyetheretherketone,PEEK,1.61,,15200.0,310.0,13800.0,,
RTP,2299 X 115088 D,Polyetheretherketone,PEEK,1.49,,9650.0,283.0,10700.0,,
RTP,2299 X 115088 F,Polyetheretherketone,PEEK,1.58,,12800.0,296.0,12800.0,,
RTP,2299 X 115090 L,Polyetheretherketone,PEEK,1.33,,4140.0,165.0,3450.0,,
RTP,2299 X 115090 M,Polyetheretherketone,PEEK,1.34,,4140.0,172.0,4140.0,,
InStruc®,PEEKGF15,Polyetheretherketone,PEEK,1.4,,6890.0,214.0,7580.0,,
VESTAKEEP®,iC 4800 3DF,Polyetheretherketone,PEEK,1.46,90.0,,,4350.0,145.0,
SUSTAPEEK,CM natural,Polyetheretherketone,PEEK,1.31,70.0,,,4100.0,,
Plaslube®,PEEK CF15 TL15 A HF,Polyetheretherketone,PEEK,1.43,,12400.0,262.0,,,
Plaslube®,PEEK TL10 A,Polyetheretherketone,PEEK,1.34,82.7,3450.0,124.0,,,
HiFill®,PEEK 0162 T1 L MB,Polyetheretherketone,PEEK,1.6,79.3,4480.0,152.0,,,
HiFill®,PEEK 4500 BK,Polyetheretherketone,PEEK,1.3,96.5,4100.0,172.0,,,
HiFill®,PEEK CF30 A NAT,Polyetheretherketone,PEEK,1.4,,22800.0,379.0,,,
HiFill®,PEEK GF15,Polyetheretherketone,PEEK,1.41,,6340.0,201.0,,,
HiFill®,PEEK GF20 A,Polyetheretherketone,PEEK,1.43,,7240.0,207.0,,,
HiFill®,PEEK GF30 A 2020,Polyetheretherketone,PEEK,1.15,,9100.0,228.0,,,
HiFill®,PEEK GF30 A HR 102,Polyetheretherketone,PEEK,1.51,,9100.0,228.0,,,
HiFill®,PEEK LCF40 2000,Polyetheretherketone,PEEK,1.45,,30300.0,414.0,40700.0,,
SUMIPLOY®,CK4600,Polyetheretherketone,PEEK,1.44,,18200.0,339.0,21800.0,,
Arlon®,1160,Polyetheretherketone,PEEK,1.55,,7580.0,197.0,8270.0,,
TECAPEEK®,CF30 black,Polyetheretherketone,PEEK,1.41,121.0,7170.0,193.0,6340.0,,
TECAPEEK®,CM XP96 natural,Polyetheretherketone,PEEK,1.34,,4550.0,172.0,5310.0,,
TECAPEEK®,CMF white,Polyetheretherketone,PEEK,1.63,97.4,5400.0,163.0,8460.0,,
TECAPEEK®,ID blue,Polyetheretherketone,PEEK,1.44,100.0,4400.0,166.0,4300.0,143.0,
TECAPEEK®,IM GF30 natural,Polyetheretherketone,PEEK,1.53,157.0,10300.0,233.0,9700.0,,
TECAPEEK®,MT natural,Polyetheretherketone,PEEK,1.31,110.0,4140.0,179.0,4480.0,,
TECAPEEK®,SD black,Polyetheretherketone,PEEK,1.72,,6600.0,137.0,8270.0,159.0,
TECAPEEK®,SE natural,Polyetheretherketone,PEEK,1.31,116.0,4200.0,175.0,4200.0,150.0,
VESTAKEEP® Care,M40 3DF,Polyetheretherketone,PEEK,1.3,94.0,,,3500.0,152.0,
VESTAKEEP®,2000G,Polyetheretherketone,PEEK,1.3,100.0,3600.0,117.0,3700.0,150.0,
VESTAKEEP®,4000 GF30,Polyetheretherketone,PEEK,1.5,,,,11000.0,,
VESTAKEEP®,4000 GF30 BK,Polyetheretherketone,PEEK,1.5,,,,11000.0,,
VESTAKEEP®,5000G,Polyetheretherketone,PEEK,1.3,95.0,3700.0,179.0,3500.0,152.0,
VESTAKEEP®,D4 R,Polyetheretherketone,PEEK,1.3,110.0,4050.0,175.0,4000.0,,
VESTAKEEP®,DC4450 R,Polyetheretherketone,PEEK,1.52,110.0,4800.0,175.0,4800.0,,
VESTAKEEP®,iC 4800 R,Polyetheretherketone,PEEK,1.46,105.0,4700.0,165.0,4700.0,145.0,
INFINAM®,PEEK 9359 F,Polyetheretherketone,PEEK,1.3,90.0,,,3600.0,152.0,
LNP™ THERMOCOMP™ Compound,LC008E - Americas,Polyetheretherketone,PEEK,1.47,,26900.0,352.0,30500.0,,
LNP™ THERMOCOMP™ Compound,LF004E - Europe,Polyetheretherketone,PEEK,1.42,,7000.0,,8500.0,,
LNP™ THERMOCOMP™ Compound,LF006E - Europe,Polyetheretherketone,PEEK,1.53,,9500.0,,11200.0,,
LNP™ THERMOCOMP™ Compound,LFW55EX1,Polyetheretherketone,PEEK,1.81,,14000.0,215.0,16000.0,,
LNP™ LUBRICOMP™ Compound,LCL36E - Americas,Polyetheretherketone,PEEK,1.5,,22700.0,321.0,17500.0,,
LNP™ LUBRICOMP™ Compound,LL004 - Europe,Polyetheretherketone,PEEK,1.37,74.0,2960.0,118.0,3060.0,,
LNP™ LUBRICOMP™ Compound,LX91475 - Asia,Polyetheretherketone,PEEK,1.43,,10300.0,206.0,11000.0,,
Sciengy®,PEEK-SGRN20P,Polyetheretherketone,PEEK,1.3,,4200.0,170.0,3700.0,143.0,25.0
Zeniva®,ZA-600 CF10,Polyetheretherketone,PEEK,1.33,,8820.0,253.0,10200.0,150.0,
KetaSpire®,KT-820P,Polyetheretherketone,PEEK,1.3,,3900.0,152.0,3600.0,150.0,3.0
KetaSpire®,KT-851,Polyetheretherketone,PEEK,1.3,95.0,3900.0,112.0,3600.0,150.0,10.0
KetaSpire®,KT-851 NL,Polyetheretherketone,PEEK,1.3,95.0,3900.0,112.0,3600.0,150.0,10.0
KetaSpire®,KT-851 NL SP,Polyetheretherketone,PEEK,1.3,95.0,3900.0,112.0,3600.0,150.0,10.0
KetaSpire®,KT-880 CF40,Polyetheretherketone,PEEK,1.46,,30000.0,386.0,33000.0,,
KetaSpire®,KT-880 GF20,Polyetheretherketone,PEEK,1.46,,7860.0,238.0,8300.0,,18.0
KetaSpire®,KT-880UFP,Polyetheretherketone,PEEK,1.3,,3790.0,153.0,3650.0,147.0,36.0
EverGlide®,SG3212,Polyetheretherketone,PEEK,1.45,51.7,1210.0,62.1,,,
EverGlide®,SG3220,Polyetheretherketone,PEEK,,72.4,2480.0,96.5,,,
DynaMix™,3200-H,Polyetheretherketone,PEEK,1.3,95.8,3720.0,155.0,,,3.0
DynaMix™,3200-L,Polyetheretherketone,PEEK,1.3,100.0,3790.0,152.0,,,0.5
DynaMix™,3230- GF-B,Polyetheretherketone,PEEK,1.52,171.0,11400.0,256.0,,,
DynaMix™,3244-G,Polyetheretherketone,PEEK,1.46,152.0,9650.0,241.0,8960.0,,
DynaMix Lite™,3244-GHIL,Polyetheretherketone,PEEK,1.43,100.0,4830.0,124.0,,,
MECHETEC®,PEEK Rg-30,Polyetheretherketone,PEEK,1.51,,7580.0,250.0,6890.0,,
MECHETEC®,PEEK-L,Polyetheretherketone,PEEK,1.44,,8100.0,210.0,8270.0,,
Pyramid™,CC200,Polyetheretherketone,PEEK,1.5,,45000.0,800.0,52000.0,143.0,
Pyramid™,KD2150,Polyetheretherketone,PEEK,1.52,,8200.0,,8100.0,,
Pyramid™,KD2250-NT,Polyetheretherketone,PEEK,1.4,,21000.0,,23000.0,143.0,
Pyramid™,KD2450-NT,Polyetheretherketone,PEEK,1.5,,4400.0,,4400.0,143.0,
Pyramid™,KD2540-NT,Polyetheretherketone,PEEK,1.44,,3310.0,,3170.0,143.0,
OpteSTAT™,NC PK 8010,Polyetheretherketone,PEEK,1.34,95.0,2800.0,,2900.0,,
UNITRON®,PPS,Polyetheretherketone,PEEK,1.35,86.2,4140.0,145.0,3450.0,,
AUROtec®,PEEK 450 black,Polyetheretherketone,PEEK,1.29,95.0,,,3800.0,,
AUROtec®,PEEK 450 CF 30 black,Polyetheretherketone,PEEK,1.44,,,,12200.0,,
AUROtec®,PEEK 450 GF30 black,Polyetheretherketone,PEEK,1.5,,,,10800.0,,
AUROtec®,PEEK 450 natural,Polyetheretherketone,PEEK,1.29,95.0,,,3800.0,,
Edgetek™,PK-30GF/000 FCR BK,Polyetheretherketone,PEEK,1.5,170.0,10000.0,270.0,11000.0,,11.0
AKROTEK®,PEEK CF 10 TM black (7759),Polyetheretherketone,PEEK,1.44,,13000.0,225.0,13500.0,,
AKROTEK®,PEEK GF 50 9 black (5183),Polyetheretherketone,PEEK,1.73,,19000.0,320.0,19000.0,,
AKROTEK®,PEEK GF 50 9 natural (5625),Polyetheretherketone,PEEK,1.73,,,,20000.0,,
InStruc®,PEEKGF20TF10,Polyetheretherketone,PEEK,1.5,,10300.0,234.0,9650.0,,
InStruc®,PEEKGF30HF,Polyetheretherketone,PEEK,1.49,,10300.0,255.0,,,
InStruc®,PEEKGF30TF10,Polyetheretherketone,PEEK,1.6,,11000.0,234.0,11700.0,,
InLube®,PEEKCF15TF15,Polyetheretherketone,PEEK,1.47,,10300.0,262.0,,,
InLube®,PEEKGF20TF10,Polyetheretherketone,PEEK,1.51,,9650.0,207.0,10300.0,,
InLube®,PEEKGF20TF15HF,Polyetheretherketone,PEEK,1.56,,10000.0,203.0,10300.0,,
InLube®,PEEKGF30TF10,Polyetheretherketone,PEEK,1.6,,11000.0,234.0,11700.0,,
TECACOMP®,PEEK 150 GF30 yellow 3171,Polyetheretherketone,PEEK,1.45,,,,9000.0,143.0,
TECACOMP®,PEEK 450 ELS nano black 4134,Polyetheretherketone,PEEK,1.33,,,,4500.0,143.0,
TECACOMP®,PEEK 450 MED  blue 9601,Polyetheretherketone,PEEK,1.3,,,,3700.0,143.0,
TECACOMP®,PEEK 450 MED green 4182,Polyetheretherketone,PEEK,1.3,,,,3700.0,143.0,
TECACOMP®,PEEK 450 PVX black 3757,Polyetheretherketone,PEEK,1.43,,,,11500.0,143.0,2.0
TECACOMP®,PEEK 450 PVX black 4247,Polyetheretherketone,PEEK,1.43,,,,10700.0,143.0,2.5
TECACOMP®,PEEK 450 XR brown 3587,Polyetheretherketone,PEEK,1.41,,,,16000.0,143.0,2.0
TECACOMP®,PEEK GF30 natural 1017675,Polyetheretherketone,PEEK,1.51,,,,7700.0,143.0,7.0
TECACOMP®,PEEK mod. black 9586,Polyetheretherketone,PEEK,1.45,,,,11500.0,143.0,6.0
TECACOMP®,PEEK TRM X black 1046849,Polyetheretherketone,PEEK,1.61,,10300.0,190.0,12500.0,143.0,27.0
TECACOMP®,PEEK TRM XG grey 1046943,Polyetheretherketone,PEEK,1.36,,8000.0,215.0,10500.0,143.0,43.0
TECACOMP®,PEEK TRM XS black 1046942,Polyetheretherketone,PEEK,1.4,,18400.0,245.0,18500.0,143.0,15.0
DURAPEEK,1000C,Polyetheretherketone,PEEK,1.3,,4000.0,162.0,3700.0,143.0,
DURAPEEK,1000G,Polyetheretherketone,PEEK,1.3,96.5,,,3520.0,,
DURAPEEK,1000GF15,Polyetheretherketone,PEEK,1.41,,7240.0,241.0,7580.0,,
DURAPEEK,1000TF40,Polyetheretherketone,PEEK,1.57,,2480.0,86.2,2140.0,,
DURAPEEK,1000WC,Polyetheretherketone,PEEK,1.3,97.9,,,3600.0,,
DURAPEEK,LS30GF1,Polyetheretherketone,PEEK,1.51,,10500.0,214.0,11000.0,,7.0
KEBAPEAK®,PEEK XS1700,Polyetheretherketone,PEEK,1.3,,,,3100.0,,
Trilliant™ HC,HC9820-0030 RS Natural,Polyetheretherketone,PEEK,1.51,177.0,8960.0,259.0,,,
Badatech HT®,PEEK 3111 GF 30,Polyetheretherketone,PEEK,1.5,,,,11500.0,,
Semitron®,ESd 480 PEEK,Polyetheretherketone,PEEK,1.47,,6890.0,145.0,5900.0,,
Ketron®,1000 PEEK,Polyetheretherketone,PEEK,1.31,,4140.0,170.0,4300.0,,
Ketron®,SP HPV / CM HPV PEEK,Polyetheretherketone,PEEK,1.44,,4830.0,89.6,3650.0,,
Witcom PEEK,3C/3L1-EM,Polyetheretherketone,PEEK,1.44,,11500.0,220.0,,,
WDF® PEEK,K900CF20-MV,Polyetheretherketone,PEEK,1.37,,16000.0,310.0,,,7.0
WDF® PEEK,K900CF30-HV,Polyetheretherketone,PEEK,1.4,,23000.0,380.0,,,2.3
WDF® PEEK,K900-MV NC,Polyetheretherketone,PEEK,1.3,,4200.0,170.0,,,20.0
VICTREX™ PEEK POLYMER,150G903 Black,Polyetheretherketone,PEEK,1.3,105.0,3900.0,20.0,4100.0,143.0,
VICTREX™ PEEK POLYMER,150GL15,Polyetheretherketone,PEEK,1.4,,7300.0,215.0,7500.0,143.0,
VICTREX™ PEEK POLYMER,150PF,Polyetheretherketone,PEEK,1.3,100.0,3900.0,170.0,4100.0,143.0,
VICTREX™ PEEK POLYMER,650P,Polyetheretherketone,PEEK,1.3,90.0,3600.0,150.0,3900.0,143.0,
VICTREX™ PEEK POLYMER,90G,Polyetheretherketone,PEEK,1.3,105.0,3900.0,20.0,4100.0,143.0,
VICTREX™ PEEK POLYMER,90GL30BLK-EU,Polyetheretherketone,PEEK,1.52,,11500.0,275.0,12000.0,143.0,
VICTREX™ PEEK POLYMER,90HMF40,Polyetheretherketone,PEEK,1.45,,37000.0,475.0,43000.0,143.0,
VICTREX™ PEEK POLYMER,90P,Polyetheretherketone,PEEK,1.3,100.0,3900.0,170.0,4100.0,143.0,
VICTREX FG™ POLYMER,120/121,Polyetheretherketone,PEEK,1.52,,11500.0,275.0,,143.0,
VICTREX FG™ POLYMER,140,Polyetheretherketone,PEEK,1.4,,24000.0,380.0,,143.0,
VICTREX FG™ POLYMER,240,Polyetheretherketone,PEEK,1.4,,24000.0,380.0,,143.0,
VICOTE™ COATINGS,700 Series,Polyetheretherketone,PEEK,1.32,,,,,143.0,
Latilub,88/50-30GRT,Polyetheretherketone,PEEK,1.48,,,,5580.0,,
Larpeek,10,Polyetheretherketone,PEEK,1.3,105.0,,,3720.0,,
Larpeek,10 G/15,Polyetheretherketone,PEEK,1.4,110.0,,,7100.0,,
Larpeek,10 K/40 HM,Polyetheretherketone,PEEK,1.47,,,,39700.0,,
LUVOTECH®,1105-9537,Polyetheretherketone,PEEK,1.52,,8960.0,238.0,11000.0,,
LUVOCOM®,1105/CF/10/GR/10/TF/10-2,Polyetheretherketone,PEEK,1.44,,9000.0,210.0,13000.0,,
LUVOCOM®,1105/CF/15,Polyetheretherketone,PEEK,1.35,,12000.0,280.0,14000.0,,
LUVOCOM®,1105/GF/14,Polyetheretherketone,PEEK,1.38,,7500.0,220.0,8000.0,,
LUVOCOM®,1105-0858,Polyetheretherketone,PEEK,1.52,,9000.0,250.0,11000.0,,
LUVOCOM®,1105-8278/BL,Polyetheretherketone,PEEK,1.47,,6500.0,180.0,7500.0,,
LUVOCOM®,1105-8344/EM/GY,Polyetheretherketone,PEEK,1.32,,3000.0,150.0,4000.0,,
LUVOCOM®,EOG-100,Polyetheretherketone,PEEK,1.31,,3400.0,145.0,3800.0,,
SUSTAPEEK,CM CF 30 black,Polyetheretherketone,PEEK,1.42,140.0,,,10000.0,,
SUSTAPEEK,MG black,Polyetheretherketone,PEEK,1.31,110.0,,,4000.0,,
SUSTAPEEK,MG green,Polyetheretherketone,PEEK,1.38,110.0,,,4000.0,,
RTP,2200 AR 15,Polyetheretherketone,PEEK,1.31,,4830.0,155.0,5170.0,,
RTP,2200 HF AR 20,Polyetheretherketone,PEEK,1.35,,5520.0,152.0,5860.0,,
RTP,2200 HF Z,Polyetheretherketone,PEEK,1.3,,3790.0,159.0,3790.0,,
RTP,2200 LF AR 15 TFE 15,Polyetheretherketone,PEEK,1.4,,4830.0,148.0,4480.0,,
RTP,2200 LF TFE 10,Polyetheretherketone,PEEK,1.35,,3790.0,138.0,3450.0,,
RTP,2200 LF TFE 20 Z,Polyetheretherketone,PEEK,1.4,,3310.0,124.0,2960.0,,
RTP,2200 LF TFE 30,Polyetheretherketone,PEEK,1.5,,3240.0,110.0,2620.0,,
RTP,2202 LF TFE 15,Polyetheretherketone,PEEK,1.53,,7240.0,172.0,8270.0,,
RTP,2205 HF TFE 15 Z,Polyetheretherketone,PEEK,1.63,,11400.0,241.0,12800.0,,
RTP,2205 LF,Polyetheretherketone,PEEK,1.52,,11000.0,255.0,11700.0,,
RTP,2205 LF TFE 15 Z,Polyetheretherketone,PEEK,1.64,,11000.0,234.0,12800.0,,
RTP,2207 HF TFE 10,Polyetheretherketone,PEEK,1.71,,15200.0,276.0,14500.0,,
RTP,2208 LF,Polyetheretherketone,PEEK,1.61,,14500.0,293.0,15900.0,,
RTP,2281 HF,Polyetheretherketone,PEEK,1.33,,9650.0,262.0,11000.0,,
RTP,2283 HEC,Polyetheretherketone,PEEK,1.43,,11700.0,224.0,13100.0,,
RTP,2283 HF,Polyetheretherketone,PEEK,1.36,,18600.0,331.0,21400.0,,
RTP,2285 HF TFE 15,Polyetheretherketone,PEEK,1.5,,25500.0,352.0,27600.0,,
RTP,2287 HEC,Polyetheretherketone,PEEK,1.6,,19300.0,283.0,20700.0,,
RTP,2299 X 110551,Polyetheretherketone,PEEK,1.5,,25500.0,352.0,27600.0,,
RTP,2299 X 113763 B,Polyetheretherketone,PEEK,1.5,,22800.0,276.0,20700.0,,
RTP,2299 X 115070 F,Polyetheretherketone,PEEK,1.32,,4480.0,165.0,4480.0,,
RTP,2299 X 125106,Polyetheretherketone,PEEK,1.43,,8960.0,172.0,7580.0,,
RTP,2299 X 80218,Polyetheretherketone,PEEK,1.58,,2410.0,82.7,2070.0,,
RTP,2299 X 81382,Polyetheretherketone,PEEK,1.44,,11400.0,238.0,12800.0,,
ColorFast®,PEEK,Polyetheretherketone,PEEK,1.3,,3700.0,152.0,3500.0,,3.0
VESTAKEEP®,5000 CF30,Polyetheretherketone,PEEK,1.4,,,,23000.0,,
VESTAKEEP®,DC4462 G,Polyetheretherketone,PEEK,1.52,95.0,,,4100.0,145.0,
Plaslube®,PEEK CF10 GL10 TL10 A HF,Polyetheretherketone,PEEK,1.44,,9650.0,283.0,,,
Plaslube®,PEEK CF15 TL10 A,Polyetheretherketone,PEEK,1.42,,9650.0,214.0,,,
Plaslube®,PEEK CF15 TL15 A 907 BK MB,Polyetheretherketone,PEEK,1.43,,12400.0,262.0,,,
Plaslube®,PEEK CF30 1011 A,Polyetheretherketone,PEEK,1.48,,15900.0,234.0,,,
Plaslube®,PEEK CTG30 A 002,Polyetheretherketone,PEEK,1.43,,11700.0,234.0,,,
Plaslube®,PEEK GF10 1001A,Polyetheretherketone,PEEK,1.39,,5310.0,153.0,,,
HiFill®,PEEK 2150 A YAG BK107,Polyetheretherketone,PEEK,1.3,93.1,4100.0,172.0,,,
HiFill®,PEEK CF10 A,Polyetheretherketone,PEEK,1.34,,10300.0,283.0,,,
HiFill®,PEEK CF15 A,Polyetheretherketone,PEEK,1.39,,12400.0,269.0,,,
HiFill®,PEEK CF40 HF,Polyetheretherketone,PEEK,1.45,,30300.0,414.0,,,
HiFill®,PEEK G/CF25 A,Polyetheretherketone,PEEK,1.41,,6960.0,236.0,,,
HiFill®,PEEK GF20 LSB NAT,Polyetheretherketone,PEEK,1.46,,9380.0,197.0,8960.0,,
Electrafil®,1105-10819,Polyetheretherketone,PEEK,1.4,255.0,22100.0,372.0,,,
Arlon®,1263,Polyetheretherketone,PEEK,1.41,,19000.0,347.0,21700.0,,
Arlon®,1330,Polyetheretherketone,PEEK,1.37,,3690.0,145.0,,,
Arlon®,2400,Polyetheretherketone,PEEK,,,,,,,
TECAPEEK®,CM XP100 black,Polyetheretherketone,PEEK,1.47,,6210.0,110.0,7580.0,,
TECAPEEK®,CM CF30 black (XP98),Polyetheretherketone,PEEK,1.43,,11000.0,224.0,12700.0,,
TECAPEEK®,GF30 natural,Polyetheretherketone,PEEK,1.53,103.0,6890.0,165.0,6890.0,,
TECAPEEK®,PVX black,Polyetheretherketone,PEEK,1.46,75.8,4830.0,124.0,5520.0,,
TECAPEEK®,ST,Polyetheretherketone,PEEK,1.32,134.0,5100.0,214.0,5240.0,162.0,
TECAPEEK®,UD blue,Polyetheretherketone,PEEK,1.74,,5020.0,146.0,5320.0,,
VESTAKEEP®,2000P,Polyetheretherketone,PEEK,1.3,100.0,,,3700.0,150.0,
VESTAKEEP®,3300G,Polyetheretherketone,PEEK,1.3,95.0,,,3600.0,152.0,
VESTAKEEP®,4000 CC20,Polyetheretherketone,PEEK,1.49,95.0,,,4300.0,153.0,
VESTAKEEP®,4000 CFL30,Polyetheretherketone,PEEK,1.4,,2120.0,400.0,24000.0,,
VESTAKEEP®,4000P,Polyetheretherketone,PEEK,1.3,93.0,4100.0,125.0,3600.0,152.0,
VESTAKEEP®,5000 FP,Polyetheretherketone,PEEK,1.3,95.0,,,3400.0,,
VESTAKEEP®,DC4420 G,Polyetheretherketone,PEEK,1.49,95.0,4230.0,154.0,4100.0,155.0,
VESTAKEEP®,DC4430 R,Polyetheretherketone,PEEK,1.51,110.0,4700.0,175.0,4800.0,,
VESTAKEEP®,i2 G,Polyetheretherketone,PEEK,1.3,98.0,3600.0,117.0,3700.0,150.0,
VESTAKEEP®,i2 UFP10,Polyetheretherketone,PEEK,1.3,100.0,,,3700.0,,
VESTAKEEP®,i4 G,Polyetheretherketone,PEEK,1.3,94.0,,,3500.0,152.0,
VESTAKEEP®,i4 P,Polyetheretherketone,PEEK,1.3,95.0,,,3500.0,,
VESTAKEEP®,iC 4506 G,Polyetheretherketone,PEEK,1.35,95.0,,,3600.0,145.0,
VESTAKEEP®,iC 4520 R,Polyetheretherketone,PEEK,1.5,110.0,4700.0,170.0,4800.0,145.0,
VESTAKEEP®,iC4800 G,Polyetheretherketone,PEEK,1.46,90.0,,,4350.0,145.0,
LNP™ THERMOCOMP™ Compound,LC008EXQ,Polyetheretherketone,PEEK,1.44,,33800.0,460.0,40400.0,,
LNP™ THERMOCOMP™ Compound,LF004E - Americas,Polyetheretherketone,PEEK,1.45,,7720.0,222.0,8620.0,,
LNP™ THERMOCOMP™ Compound,LF004E - Asia,Polyetheretherketone,PEEK,1.42,126.0,6890.0,207.0,7630.0,,
LNP™ THERMOCOMP™ Compound,LX04015,Polyetheretherketone,PEEK,1.34,200.0,11100.0,,13800.0,,
LNP™ STAT-KON™ Compound,LX00486C,Polyetheretherketone,PEEK,1.4,,13500.0,255.0,16300.0,,
LNP™ STAT-KON™ Compound,LX00797C,Polyetheretherketone,PEEK,1.4,,13500.0,255.0,16300.0,,
LNP™ LUBRICOMP™ Compound,LCL33 - Europe,Polyetheretherketone,PEEK,1.43,,11700.0,,14500.0,,
LNP™ LUBRICOMP™ Compound,LL004 - Asia,Polyetheretherketone,PEEK,1.37,74.0,2960.0,118.0,3060.0,,
LNP™ LUBRICOMP™ Compound,LX00430,Polyetheretherketone,PEEK,1.39,77.0,2890.0,104.0,3160.0,,
LNP™ LUBRICOMP™ Compound,LX91475 - Europe,Polyetheretherketone,PEEK,1.43,148.0,9700.0,,11800.0,,
Sciengy®,PEEK-SGRN10P,Polyetheretherketone,PEEK,1.3,,4000.0,162.0,3700.0,143.0,13.0
Sciengy®,PEEK-SGRN20G,Polyetheretherketone,PEEK,1.3,,3900.0,165.0,3700.0,150.0,25.0
Sciengy®,PEEK-SGRN90P,Polyetheretherketone,PEEK,1.3,,4100.0,170.0,3700.0,143.0,90.0
Zeniva®,ZA-500,Polyetheretherketone,PEEK,1.29,95.0,4000.0,,3600.0,150.0,
Zeniva®,ZA-520 Rods,Polyetheretherketone,PEEK,1.35,90.0,3000.0,,3300.0,150.0,
KetaSpire®,KT-820 GF13,Polyetheretherketone,PEEK,1.38,,5600.0,203.0,5900.0,,
KetaSpire®,KT-820 GF30,Polyetheretherketone,PEEK,1.53,158.0,10300.0,246.0,10500.0,150.0,0.7
KetaSpire®,KT-820FP,Polyetheretherketone,PEEK,1.3,,3860.0,152.0,3650.0,150.0,3.0
KetaSpire®,KT-820UFP,Polyetheretherketone,PEEK,1.3,,3860.0,152.0,3650.0,150.0,3.0
KetaSpire®,KT-880 FW30,Polyetheretherketone,PEEK,1.45,,13500.0,260.0,16000.0,147.0,50.0
KetaSpire®,NT1 HC AM Filament,Polyetheretherketone,PEEK,1.29,85.0,,,3120.0,,
KetaSpire®,XT-920,Polyetheretherketone,PEEK,1.28,93.0,3600.0,106.0,3400.0,170.0,9.7
KetaSpire®,XT-920 FP,Polyetheretherketone,PEEK,1.28,,3600.0,135.0,3400.0,170.0,9.7
EverGlide®,SG5708T,Polyetheretherketone,PEEK,1.46,48.3,2590.0,96.5,,,
DynaPath™,3265-E,Polyetheretherketone,PEEK,,104.0,5000.0,114.0,,,
DynaMix™,3201-HF,Polyetheretherketone,PEEK,1.3,100.0,3790.0,152.0,,,35.0
DynaMix Lite™,3244-GB,Polyetheretherketone,PEEK,1.28,82.7,5170.0,138.0,4830.0,,
MECHETEC®,PEEK,Polyetheretherketone,PEEK,1.32,,4140.0,172.0,4270.0,,
Pyramid™,KD2550-NT,Polyetheretherketone,PEEK,1.45,,3240.0,,2760.0,143.0,
UNITREX®,Rg-30,Polyetheretherketone,PEEK,1.51,156.0,7580.0,250.0,6890.0,,
UNITREX®,Unfilled PEEK,Polyetheretherketone,PEEK,1.32,96.5,4140.0,172.0,4270.0,,
AUROtec®,PEEK 150 GF30 black,Polyetheretherketone,PEEK,1.51,,,,11000.0,,
AUROtec®,PEEK 90 natural,Polyetheretherketone,PEEK,1.29,100.0,,,4000.0,,
Edgetek™,PK-30GF/000 EM BK,Polyetheretherketone,PEEK,1.48,180.0,11000.0,280.0,12000.0,,6.0
Edgetek™,PK-30GF/000 FCR NC,Polyetheretherketone,PEEK,1.48,,11000.0,290.0,,,11.0
AKROTEK®,PEEK 8 natural (7343),Polyetheretherketone,PEEK,1.3,95.0,,,3600.0,,
AKROTEK®,PEEK CF 40 black (5099),Polyetheretherketone,PEEK,1.45,,,,34500.0,,
AKROTEK®,PEEK TM black (5051),Polyetheretherketone,PEEK,1.46,,6000.0,135.0,5000.0,,
InStruc®,PEEKGF10HF,Polyetheretherketone,PEEK,1.37,,5520.0,186.0,6210.0,,
InStruc®,PEEKGF15HF,Polyetheretherketone,PEEK,1.4,,6890.0,214.0,7580.0,,
InStruc®,PEEKGF20HF,Polyetheretherketone,PEEK,1.44,,8270.0,248.0,8960.0,,
InStruc®,PEEKGF30,Polyetheretherketone,PEEK,1.53,,10300.0,276.0,10300.0,,
InLube®,PEEKCF30TF15,Polyetheretherketone,PEEK,1.5,,25500.0,345.0,,,
TECACOMP®,PEEK 150 CF20 black 3410,Polyetheretherketone,PEEK,1.35,,,,15500.0,143.0,6.5
TECACOMP®,PEEK 150 CF30 black 3154,Polyetheretherketone,PEEK,1.41,,,,25000.0,143.0,4.5
TECACOMP®,PEEK 150 GF30 blue 3172,Polyetheretherketone,PEEK,1.49,,,,10600.0,143.0,8.5
TECACOMP®,PEEK 150 GF30 grey 3788,Polyetheretherketone,PEEK,1.56,,,,9000.0,143.0,8.9
TECACOMP®,PEEK 150 GF30 natural 9592,Polyetheretherketone,PEEK,1.48,,,,10500.0,143.0,4.5
TECACOMP®,PEEK 380 natural 3773,Polyetheretherketone,PEEK,1.29,,,,3400.0,143.0,
TECACOMP®,PEEK 450 black 3958,Polyetheretherketone,PEEK,1.3,,,,3700.0,143.0,8.0
TECACOMP®,PEEK 450 CF30 black 9579,Polyetheretherketone,PEEK,1.44,,,,22500.0,143.0,2.5
TECACOMP®,PEEK 450 GF30 black 3689,Polyetheretherketone,PEEK,1.52,,,,10000.0,143.0,4.0
TECACOMP®,PEEK 450 MED  blue 3785,Polyetheretherketone,PEEK,1.3,,,,3700.0,143.0,
TECACOMP®,PEEK 450 MED ivory 1053918,Polyetheretherketone,PEEK,1.4,,,,3900.0,143.0,
TECACOMP®,PEEK 450 MT XRO ivory 3997,Polyetheretherketone,PEEK,1.46,,,,4300.0,143.0,
TECACOMP®,PEEK 450 MT yellow 4183,Polyetheretherketone,PEEK,1.3,,,,3800.0,143.0,
TECACOMP®,PEEK 450 PVX black 3289,Polyetheretherketone,PEEK,1.48,,,,10000.0,143.0,2.0
TECACOMP®,PEEK GR15 TF15 black 1061060,Polyetheretherketone,PEEK,1.47,,,,4000.0,143.0,30.0
TECACOMP®,PEEK ST black 3713,Polyetheretherketone,PEEK,1.3,,,,3800.0,143.0,
TECACOMP®,PEEK TC black 1054135,Polyetheretherketone,PEEK,1.51,,,,10500.0,143.0,21.0
TECACOMP®,PEEK TC white 1049792,Polyetheretherketone,PEEK,1.44,,,,8800.0,143.0,
TECACOMP®,PEEK TRM PVX SIC grey 1047410,Polyetheretherketone,PEEK,1.0,,,,10300.0,143.0,18.0
DURAPEEK,10/10/10,Polyetheretherketone,PEEK,1.44,,9000.0,210.0,12000.0,,
DURAPEEK,1000BG,Polyetheretherketone,PEEK,1.43,,11700.0,234.0,,,
DURAPEEK,3000IND,Polyetheretherketone,PEEK,1.3,98.0,3800.0,165.0,4000.0,,
DURAPEEK,GF30,Polyetheretherketone,PEEK,1.52,,8960.0,238.0,11000.0,,
Stat-Tech™,PK-30CF/000 BK,Polyetheretherketone,PEEK,1.4,,22000.0,380.0,25000.0,146.0,
Carbo-Rite™,F-1450,Polyetheretherketone,PEEK,1.4,,14500.0,,9650.0,,
Ketron®,1000 IM PEEK,Polyetheretherketone,PEEK,1.31,,4140.0,172.0,4140.0,,
Ketron®,1000 PEEK AE,Polyetheretherketone,PEEK,1.31,,4140.0,170.0,4300.0,,
Ketron®,CM 1030HT PEK,Polyetheretherketone,PEEK,1.43,,7930.0,152.0,9310.0,,
Ketron®,HPV PEEK,Polyetheretherketone,PEEK,1.44,,7580.0,125.0,5900.0,,
Ketron®,TX PEEK,Polyetheretherketone,PEEK,1.39,,,,3750.0,,
TRE,PK 150,Polyetheretherketone,PEEK,1.3,,4070.0,173.0,,,
TRE,PK CF 30,Polyetheretherketone,PEEK,1.41,,18600.0,303.0,,,
TRE,PK450G30,Polyetheretherketone,PEEK,1.51,,9100.0,227.0,,,
PFLUON®,8100G,Polyetheretherketone,PEEK,1.3,,4000.0,162.0,3700.0,143.0,
PFLUON®,8800G,Polyetheretherketone,PEEK,1.3,,4300.0,172.0,3700.0,143.0,
WDF® PEEK,K900CF10TF10-HV,Polyetheretherketone,PEEK,1.45,,11500.0,230.0,,,2.5
WDF® PEEK,K900CF10TF10-LV,Polyetheretherketone,PEEK,1.44,,11000.0,210.0,,,18.0
WDF® PEEK,K900CF30-LV,Polyetheretherketone,PEEK,1.4,,21000.0,360.0,,,27.0
WDF® PEEK,K900CF30-MV,Polyetheretherketone,PEEK,1.4,,22000.0,370.0,,,5.0
WDF® PEEK,K900-LV NC,Polyetheretherketone,PEEK,1.3,,4300.0,175.0,,,80.0
VAMPLUB,K 00U 2 TF,Polyetheretherketone,PEEK,1.33,80.0,,,3200.0,,
VAMPEEK,A 0024,Polyetheretherketone,PEEK,1.3,100.0,,,3700.0,,
VAMPEEK,A 3010,Polyetheretherketone,PEEK,1.5,,,,11000.0,,
VAMPEEK,B 0024,Polyetheretherketone,PEEK,1.3,,,,3500.0,,
VICTREX™ PEEK POLYMER,150FW30,Polyetheretherketone,PEEK,1.43,,14000.0,280.0,16000.0,143.0,
VICTREX™ PEEK POLYMER,150XF,Polyetheretherketone,PEEK,1.3,100.0,3900.0,170.0,4100.0,143.0,
VICTREX™ PEEK POLYMER,380P,Polyetheretherketone,PEEK,1.3,100.0,3900.0,160.0,4000.0,143.0,
VICTREX™ PEEK POLYMER,381G,Polyetheretherketone,PEEK,1.3,98.0,3800.0,19.0,4000.0,143.0,
VICTREX™ PEEK POLYMER,450CA20,Polyetheretherketone,PEEK,1.37,,16500.0,340.0,19500.0,143.0,
VICTREX™ PEEK POLYMER,450CA40,Polyetheretherketone,PEEK,1.44,,30000.0,425.0,35000.0,143.0,
VICTREX™ PEEK POLYMER,450FC30,Polyetheretherketone,PEEK,1.45,,11500.0,230.0,13000.0,143.0,
VICTREX™ PEEK POLYMER,450G903 Black,Polyetheretherketone,PEEK,1.3,98.0,3800.0,19.0,3900.0,143.0,
VICTREX™ PEEK POLYMER,450PF,Polyetheretherketone,PEEK,1.3,98.0,3800.0,160.0,4000.0,143.0,
VICTREX™ PEEK POLYMER,650CA30,Polyetheretherketone,PEEK,1.4,,21500.0,370.0,25000.0,143.0,
VICTREX™ PEEK POLYMER,650G,Polyetheretherketone,PEEK,1.3,95.0,3600.0,16.0,3900.0,143.0,
VICTREX™ PEEK POLYMER,90GL60,Polyetheretherketone,PEEK,1.83,,23500.0,360.0,25000.0,143.0,
VICTREX™ PEEK POLYMER,90HMF20,Polyetheretherketone,PEEK,1.37,,20000.0,400.0,22000.0,143.0,
VICTREX™ PEEK POLYMER,AS110,Polyetheretherketone,PEEK,1.41,,4700.0,140.0,4700.0,143.0,
VICTREX FG™ POLYMER,100/101,Polyetheretherketone,PEEK,1.3,105.0,3900.0,175.0,,143.0,
VICTREX CT™ POLYMER,100,Polyetheretherketone,PEEK,1.3,95.0,3500.0,150.0,,143.0,
VICTREX AM™,450 FIL,Polyetheretherketone,PEEK,1.3,98.0,3800.0,19.0,4000.0,143.0,
Latiohm,88/10-06 CNT,Polyetheretherketone,PEEK,1.32,100.0,,,4000.0,,
Latilub,88/10-10T Y/10,Polyetheretherketone,PEEK,1.37,,,,4000.0,,
Latigray,88/10-01 CX/30,Polyetheretherketone,PEEK,1.63,75.8,,,4900.0,,
Larpeek,10 K/30,Polyetheretherketone,PEEK,1.39,,,,24000.0,,
Larpeek,50 K/30,Polyetheretherketone,PEEK,1.4,,,,21600.0,,
LUVOTECH®,1105-9527,Polyetheretherketone,PEEK,1.44,,8960.0,210.0,12100.0,,
LUVOCOM®,1105/BK0873,Polyetheretherketone,PEEK,1.32,,3500.0,145.0,4000.0,,
LUVOCOM®,1105-0699-2,Polyetheretherketone,PEEK,1.49,,24000.0,304.0,29000.0,,
LUVOCOM®,1105-7173/BL,Polyetheretherketone,PEEK,1.51,,7500.0,210.0,9500.0,,
LUVOCOM®,1105-7185,Polyetheretherketone,PEEK,1.44,,9000.0,210.0,12000.0,,
LUVOCOM®,1105-7301,Polyetheretherketone,PEEK,1.3,,3000.0,140.0,3500.0,,
LUVOCOM®,1105-7714,Polyetheretherketone,PEEK,1.55,,3400.0,105.0,4000.0,,
LUVOCOM®,1105-8160,Polyetheretherketone,PEEK,1.42,,12000.0,250.0,14000.0,,
LUVOCOM®,1105-9018,Polyetheretherketone,PEEK,1.46,,9000.0,175.0,12000.0,,
LUVOCOM®,1105-9098/XTF,Polyetheretherketone,PEEK,1.37,,3500.0,105.0,4000.0,,
LUVOCOM®,EOG-300,Polyetheretherketone,PEEK,1.51,,9500.0,205.0,10500.0,,
TRIBOFORCE®,PEEK C2301,Polyetheretherketone,PEEK,1.57,,,,14300.0,,
SUSTAPEEK,CF 30 black,Polyetheretherketone,PEEK,1.4,120.0,,,6500.0,,
SUSTAPEEK,GF 30 black,Polyetheretherketone,PEEK,1.49,80.0,,,6000.0,,
SUSTAPEEK,MG blue,Polyetheretherketone,PEEK,1.41,110.0,,,4000.0,,
SUSTAPEEK,MOD ESD 90 black,Polyetheretherketone,PEEK,1.46,75.0,,,4900.0,,
RTP,2200 HF TFE 5,Polyetheretherketone,PEEK,1.32,,3450.0,121.0,4140.0,,
RTP,2200 LF AR 15,Polyetheretherketone,PEEK,1.32,,5170.0,162.0,5520.0,,
RTP,2200 LF TFE 20,Polyetheretherketone,PEEK,1.4,,3310.0,124.0,2960.0,,
RTP,2203 LF TFE 10,Polyetheretherketone,PEEK,1.53,,7580.0,217.0,8620.0,,
RTP,2204 HF,Polyetheretherketone,PEEK,1.48,,9650.0,262.0,10300.0,,
RTP,2283 LF,Polyetheretherketone,PEEK,1.36,,17200.0,331.0,20000.0,,
RTP,2285 HF,Polyetheretherketone,PEEK,1.41,,25500.0,379.0,27600.0,,
RTP,2287 HF TFE 15,Polyetheretherketone,PEEK,1.58,,31000.0,262.0,41400.0,,
RTP,2287 LF,Polyetheretherketone,PEEK,1.45,,30300.0,379.0,34500.0,,
RTP,2299 X 108578 A,Polyetheretherketone,PEEK,1.52,,11000.0,276.0,11700.0,,
RTP,2299 X 113783 A,Polyetheretherketone,PEEK,1.48,,13800.0,241.0,17200.0,,
RTP,2299 X 115092 A,Polyetheretherketone,PEEK,1.32,,4140.0,179.0,4830.0,,
RTP,2299 X 133087 A EG,Polyetheretherketone,PEEK,1.32,,4830.0,179.0,4830.0,,
EMI,2262,Polyetheretherketone,PEEK,1.49,,5100.0,186.0,4900.0,,
InStruc®,PEEKGF15HFMD,Polyetheretherketone,PEEK,1.4,,6890.0,214.0,7580.0,,
VICTREX HPG™ POLYMER,240 GRA,Polyetheretherketone,PEEK,1.4,,22000.0,,25500.0,143.0,
Plaslube®,PEEK 13005,Polyetheretherketone,PEEK,1.36,96.5,6210.0,193.0,,,
Plaslube®,PEEK CF10 TL10 GL10 A,Polyetheretherketone,PEEK,1.46,,9650.0,276.0,,,
Plaslube®,PEEK TL15 A,Polyetheretherketone,PEEK,1.37,82.7,3450.0,124.0,,,
Plaslube®,PEEK TL20 A,Polyetheretherketone,PEEK,1.37,75.8,3030.0,117.0,,,
HiFill®,4150 A,Polyetheretherketone,PEEK,1.3,96.5,4100.0,172.0,,,
HiFill®,450 A,Polyetheretherketone,PEEK,1.3,93.1,4100.0,172.0,,,
HiFill®,PEEK 0145 B,Polyetheretherketone,PEEK,1.45,96.5,4100.0,172.0,,,
HiFill®,PEEK CF30 A 002,Polyetheretherketone,PEEK,1.41,,18600.0,303.0,,,
HiFill®,PEEK CF30 HF,Polyetheretherketone,PEEK,1.42,,15900.0,248.0,,,
HiFill®,PEEK GF30 A NAT,Polyetheretherketone,PEEK,1.51,,11400.0,269.0,,,
HiFill®,PEEK GF30 LSB NAT,Polyetheretherketone,PEEK,1.49,156.0,10500.0,239.0,11400.0,,
Arlon®,1163,Polyetheretherketone,PEEK,1.53,,10300.0,262.0,11900.0,,
TECAPEEK®,CMP natural,Polyetheretherketone,PEEK,1.31,110.0,3900.0,160.0,4100.0,151.0,
TECAPEEK®,MT black,Polyetheretherketone,PEEK,1.31,110.0,4140.0,179.0,4480.0,,
TECAPEEK®,natural,Polyetheretherketone,PEEK,1.31,110.0,4140.0,179.0,4480.0,,
VESTAKEEP®,1000 G,Polyetheretherketone,PEEK,1.3,100.0,,,3900.0,150.0,
VESTAKEEP®,2000 GF30,Polyetheretherketone,PEEK,1.5,,10200.0,260.0,11000.0,,
VESTAKEEP®,2000 UFP10,Polyetheretherketone,PEEK,1.3,100.0,,,3700.0,,
VESTAKEEP®,2000FP,Polyetheretherketone,PEEK,1.3,100.0,,,3700.0,,
VESTAKEEP®,2000G BK,Polyetheretherketone,PEEK,1.3,100.0,3600.0,157.0,3700.0,149.0,
VESTAKEEP®,2500 G High Purity,Polyetheretherketone,PEEK,1.3,95.0,,,3600.0,,
VESTAKEEP®,DC4420 R,Polyetheretherketone,PEEK,1.51,110.0,4700.0,175.0,4800.0,,
VESTAKEEP®,DC4430 G,Polyetheretherketone,PEEK,1.5,95.0,4150.0,152.0,4100.0,153.0,
VESTAKEEP®,i4 3DF,Polyetheretherketone,PEEK,1.3,94.0,,,3500.0,152.0,
VESTAKEEP®,i4 PL,Polyetheretherketone,PEEK,1.3,109.0,4050.0,,4000.0,,
VESTAKEEP®,i5 G,Polyetheretherketone,PEEK,1.3,95.0,,,3500.0,153.0,
VESTAKEEP®,iC 4506 R,Polyetheretherketone,PEEK,1.35,109.0,4200.0,170.0,4200.0,145.0,
VESTAKEEP®,L4000G,Polyetheretherketone,PEEK,1.3,94.0,3450.0,148.0,3600.0,,
LNP™ THERMOCOMP™ Compound,LC003E - Americas,Polyetheretherketone,PEEK,1.33,,9510.0,263.0,10500.0,,
LNP™ THERMOCOMP™ Compound,LCF62E - Americas,Polyetheretherketone,PEEK,1.57,,36500.0,391.0,41100.0,,
LNP™ THERMOCOMP™ Compound,LF002XXP-WT02005,Polyetheretherketone,PEEK,1.88,,7500.0,,8550.0,,
LNP™ THERMOCOMP™ Compound,LF003,Polyetheretherketone,PEEK,1.39,136.0,6270.0,209.0,6930.0,,
LNP™ THERMOCOMP™ Compound,LF006 - Americas,Polyetheretherketone,PEEK,1.54,,10800.0,263.0,13100.0,,
LNP™ THERMOCOMP™ Compound,LF006EX1,Polyetheretherketone,PEEK,1.53,,10200.0,225.0,11800.0,,
LNP™ THERMOCOMP™ Compound,LF008 - Asia,Polyetheretherketone,PEEK,1.61,156.0,9650.0,240.0,12800.0,,
LNP™ THERMOCOMP™ Compound,LX03447,Polyetheretherketone,PEEK,1.43,,23800.0,360.0,28400.0,,
LNP™ STAT-KON™ Compound,LX04420C,Polyetheretherketone,PEEK,1.36,149.0,10800.0,241.0,11500.0,,
LNP™ LUBRICOMP™ Compound,LFL36E,Polyetheretherketone,PEEK,1.64,176.0,11400.0,,12200.0,,
LNP™ LUBRICOMP™ Compound,LL003XX1,Polyetheretherketone,PEEK,1.36,,2900.0,123.0,3100.0,,
LNP™ LUBRICOMP™ Compound,LX91475 - Americas,Polyetheretherketone,PEEK,1.43,161.0,10300.0,229.0,11800.0,,
Sciengy®,PEEK-SGRN150G,Polyetheretherketone,PEEK,1.3,,4000.0,170.0,3700.0,150.0,90.0
Sciengy®,PEEK-SGRN90G,Polyetheretherketone,PEEK,1.3,,4000.0,170.0,3700.0,150.0,90.0
Zeniva®,ZA-600,Polyetheretherketone,PEEK,1.3,100.0,4000.0,,3900.0,150.0,
Zeniva®,ZA-600 CF30,Polyetheretherketone,PEEK,1.41,,21000.0,350.0,26000.0,150.0,
KetaSpire®,KT-810FP,Polyetheretherketone,PEEK,1.29,94.5,3700.0,145.0,3500.0,,
KetaSpire®,KT-820,Polyetheretherketone,PEEK,1.3,96.0,3700.0,121.0,3500.0,150.0,3.0
KetaSpire®,KT-820 SL10,Polyetheretherketone,PEEK,1.35,,3500.0,134.0,3600.0,,
KetaSpire®,KT-820 SL45,Polyetheretherketone,PEEK,1.5,197.0,16600.0,273.0,18300.0,152.0,2.0
KetaSpire®,KT-880,Polyetheretherketone,PEEK,1.3,102.0,3800.0,134.0,3700.0,147.0,36.0
KetaSpire®,KT-880SFP,Polyetheretherketone,PEEK,1.3,,3790.0,153.0,3650.0,147.0,36.0
DynaPath™,3225-SS,Polyetheretherketone,PEEK,1.5,86.2,3280.0,138.0,,,
DynaPath™,3230-CF,Polyetheretherketone,PEEK,1.4,,17900.0,324.0,,,
DynaMix™,3331,Polyetheretherketone,PEEK,1.52,179.0,11200.0,279.0,,,
DynaMix™,3334,Polyetheretherketone,PEEK,1.52,171.0,11400.0,256.0,,,
Pyramid™,KD2000 CAM Tube,Polyetheretherketone,PEEK,1.3,,3400.0,137.0,3400.0,,
Pyramid™,KD2000 Injection Molded Shape,Polyetheretherketone,PEEK,1.3,,3400.0,145.0,3400.0,,
Nemcon™ E,PK DP104,Polyetheretherketone,PEEK,1.42,,18600.0,,19500.0,,
UNITREX®,L,Polyetheretherketone,PEEK,1.44,141.0,8100.0,210.0,8270.0,,
LubriOne™,LB9800-8002 AR Black,Polyetheretherketone,PEEK,1.43,,12000.0,,12000.0,145.0,
Edgetek™,PK-000/000 EM Natural,Polyetheretherketone,PEEK,1.3,98.0,3350.0,,3700.0,143.0,
Edgetek™,PK-10GF/000,Polyetheretherketone,PEEK,1.39,124.0,5170.0,193.0,5520.0,,
Edgetek™,PK-30GF/000 EM NC,Polyetheretherketone,PEEK,1.48,180.0,11000.0,280.0,12000.0,,6.0
AKROTEK®,PEEK 8 natural (4447),Polyetheretherketone,PEEK,1.29,100.0,,,3700.0,,
AKROTEK®,PEEK 8 natural (7342),Polyetheretherketone,PEEK,1.3,100.0,,,3700.0,,
AKROTEK®,PEEK CF 30 9 black (5569),Polyetheretherketone,PEEK,1.4,,24000.0,340.0,25000.0,,
AKROTEK®,PEEK CF 30 black (5448),Polyetheretherketone,PEEK,1.4,,28000.0,365.0,30000.0,,
AKROTEK®,PEEK CF 30 black (5448),Polyetheretherketone,PEEK,1.4,,28000.0,370.0,30000.0,,
AKROTEK®,PEEK CF 40 9 black (5446),Polyetheretherketone,PEEK,1.44,,30000.0,360.0,33000.0,,
AKROTEK®,PEEK GF 30 9 TM natural (5568),Polyetheretherketone,PEEK,,,,,12000.0,,
AKROTEK®,PEEK GF 30 black (5822),Polyetheretherketone,PEEK,1.5,,,,12000.0,,
AKROTEK®,PEEK GF 30 black (5822),Polyetheretherketone,PEEK,1.5,,11500.0,305.0,12000.0,,
AKROTEK®,PEEK GF 40 natural (5904),Polyetheretherketone,PEEK,1.6,,14200.0,305.0,15000.0,,
AKROTEK®,PEEK GF 40 natural (5904),Polyetheretherketone,PEEK,1.6,,15000.0,340.0,15000.0,,
AKROTEK®,PEEK GF 50 9 natural (5625),Polyetheretherketone,PEEK,1.73,,20000.0,350.0,20000.0,,
AKROTEK®,PEEK GF 60 9 natural (5425),Polyetheretherketone,PEEK,1.85,,24000.0,360.0,24000.0,,
AKROTEK®,PEEK TM black (5051),Polyetheretherketone,PEEK,1.46,,,,5100.0,,
AKROTEK®,PEEK TM natural (5069),Polyetheretherketone,PEEK,1.4,75.0,,,3200.0,,
AKROTEK®,PEEK TM natural (5069),Polyetheretherketone,PEEK,1.4,75.0,3300.0,125.0,3200.0,,
InStruc®,PEEKCF30,Polyetheretherketone,PEEK,1.41,,24100.0,331.0,24800.0,,
ColorFast®,PEEKHF,Polyetheretherketone,PEEK,1.3,,3790.0,152.0,3700.0,,36.0
InLube®,PEEKGF30TF15,Polyetheretherketone,PEEK,1.58,,6890.0,148.0,,,
InElec®,PEEKCF30HF,Polyetheretherketone,PEEK,1.41,,17900.0,321.0,20700.0,,
InElec®,PEEKCNT5,Polyetheretherketone,PEEK,1.32,,4830.0,207.0,4480.0,,
TECACOMP®,PEEK 150 CF20 black 9584,Polyetheretherketone,PEEK,1.35,,,,17300.0,143.0,
TECACOMP®,PEEK 450 black 3258,Polyetheretherketone,PEEK,1.3,,,,3600.0,143.0,8.0
TECACOMP®,PEEK 450 GF30 black 3583,Polyetheretherketone,PEEK,1.52,,,,7500.0,143.0,3.5
TECACOMP®,PEEK 450 GF30 brown 3606,Polyetheretherketone,PEEK,1.54,,,,6500.0,143.0,5.0
TECACOMP®,PEEK 450 GF30 natural 9582,Polyetheretherketone,PEEK,1.51,,,,10500.0,143.0,2.5
TECACOMP®,PEEK 450 PVX black 9585,Polyetheretherketone,PEEK,1.45,,,,11300.0,143.0,2.5
TECACOMP®,PEEK 450 PVX MP black 4226,Polyetheretherketone,PEEK,1.43,,,,10400.0,143.0,
TECACOMP®,PEEK LDS black 1047045,Polyetheretherketone,PEEK,1.67,,,,10900.0,143.0,77.0
TECACOMP®,PEEK TRM PVX black 1046944,Polyetheretherketone,PEEK,1.5,,11200.0,195.0,12500.0,143.0,20.0
Comco,PEEK,Polyetheretherketone,PEEK,1.31,110.0,,,4000.0,,
DURAPEEK,1000CC20,Polyetheretherketone,PEEK,1.49,96.5,,,4100.0,,
DURAPEEK,1000GF30,Polyetheretherketone,PEEK,1.51,,11000.0,275.0,11500.0,,
DURAPEEK,1000HF,Polyetheretherketone,PEEK,1.3,100.0,,,3700.0,,70.0
DURAPEEK,1000HFP,Polyetheretherketone,PEEK,1.3,100.0,,,3700.0,,
DURAPEEK,1000IND,Polyetheretherketone,PEEK,1.3,,414.0,124.0,345.0,143.0,6.0
DURAPEEK,8100G,Polyetheretherketone,PEEK,1.3,,4000.0,162.0,3700.0,,
DURAPEEK,XL1000,Polyetheretherketone,PEEK,1.3,118.0,4330.0,161.0,3850.0,,
KEBAPEAK®,PEEK XC1730,Polyetheretherketone,PEEK,1.4,,,,23500.0,,
KEBAPEAK®,PEEK XF1730,Polyetheretherketone,PEEK,1.51,,,,11800.0,,
Stat-Tech™,PK-30CF/000 EM BK,Polyetheretherketone,PEEK,1.4,,22000.0,370.0,25000.0,145.0,
Stat-Tech™,ST9800-8033 CR ESD BK001,Polyetheretherketone,PEEK,1.36,,11000.0,200.0,,,
Semitron®,MP-370,Polyetheretherketone,PEEK,1.62,,4310.0,115.0,4450.0,,
Ketron®,CA30 PEEK,Polyetheretherketone,PEEK,1.41,,8620.0,220.0,9200.0,,
Ketron®,CM GF30 PEEK,Polyetheretherketone,PEEK,1.59,,6210.0,82.7,5860.0,,
Ketron®,GF30 PEEK,Polyetheretherketone,PEEK,1.51,,6890.0,155.0,7000.0,,
Ketron®,HPV PEEK SP,Polyetheretherketone,PEEK,1.45,,,,5950.0,,
Ketron®,HPV Sterra™ PEEK,Polyetheretherketone,PEEK,1.44,,7580.0,125.0,5900.0,,
Ketron®,VMX Food Grade PEEK,Polyetheretherketone,PEEK,1.45,,4830.0,159.0,4900.0,,
Witcom PEEK,2007/020,Polyetheretherketone,PEEK,1.55,,7500.0,150.0,,,
PFLUON®,8200G,Polyetheretherketone,PEEK,1.3,,4200.0,170.0,3700.0,143.0,
WDF® PEEK,K900GF20-HV,Polyetheretherketone,PEEK,1.43,,8800.0,245.0,,,6.5
WDF® PEEK,K900GF20-LV,Polyetheretherketone,PEEK,1.43,,8500.0,235.0,,,40.0
WDF® PEEK,K900GF30-MV,Polyetheretherketone,PEEK,1.51,,11300.0,265.0,,,6.0
WDF® PEEK,K900-HV NC,Polyetheretherketone,PEEK,1.3,,4100.0,165.0,,,10.0
VAMPLUB,K 00U 1 TF,Polyetheretherketone,PEEK,1.31,80.0,,,3100.0,,
VAMPLUB,K 00U 2 TF E,Polyetheretherketone,PEEK,1.33,80.0,,,3200.0,,
VICTREX™ PEEK POLYMER,150CA30,Polyetheretherketone,PEEK,1.4,,24000.0,380.0,28000.0,143.0,
VICTREX™ PEEK POLYMER,150GL30 Black,Polyetheretherketone,PEEK,1.52,,11500.0,270.0,12000.0,143.0,
VICTREX™ PEEK POLYMER,150P,Polyetheretherketone,PEEK,1.3,100.0,3900.0,170.0,4100.0,143.0,
VICTREX™ PEEK POLYMER,450FE20,Polyetheretherketone,PEEK,1.4,78.0,3200.0,18.0,3200.0,143.0,
VICTREX™ PEEK POLYMER,650PF,Polyetheretherketone,PEEK,1.3,90.0,3600.0,150.0,3900.0,143.0,
VICTREX™ PEEK POLYMER,90CA30,Polyetheretherketone,PEEK,1.4,,24000.0,380.0,28000.0,143.0,
VICOTE™ COATINGS,705Blk,Polyetheretherketone,PEEK,1.32,,,,,143.0,
Latilub,88/10-15T G/30,Polyetheretherketone,PEEK,1.62,,,,12400.0,,
Latilub,88/50-20T,Polyetheretherketone,PEEK,1.4,,,,3930.0,,
Laticonther,88/10 GR/50,Polyetheretherketone,PEEK,1.65,,,,19600.0,,
Larpeek,10 G/30,Polyetheretherketone,PEEK,1.5,,,,11500.0,,
Larpeek,10 G/40,Polyetheretherketone,PEEK,1.62,,,,14200.0,,
Larpeek,10 G/50,Polyetheretherketone,PEEK,1.73,,,,18000.0,,
Larpeek,10 G/60,Polyetheretherketone,PEEK,1.82,,,,23000.0,,
Larpeek,10 K/20,Polyetheretherketone,PEEK,1.36,,,,18000.0,,
Larpeek,10 K/40,Polyetheretherketone,PEEK,1.45,,,,30000.0,,
Larpeek,50 G/30,Polyetheretherketone,PEEK,1.5,,,,11500.0,,
LUVOCOM®,1105/GF/20/EM,Polyetheretherketone,PEEK,1.44,,7000.0,190.0,8000.0,,
LUVOCOM®,1105/GF/30/NAT-2,Polyetheretherketone,PEEK,1.49,,9000.0,260.0,11000.0,,
LUVOCOM®,1105-8278/GY,Polyetheretherketone,PEEK,1.44,,6000.0,180.0,7000.0,,
LUVOCOM®,3F PEEK 9581 NT,Polyetheretherketone,PEEK,1.31,,3400.0,145.0,3800.0,,
LUVOCOM®,EOG-400,Polyetheretherketone,PEEK,1.4,,12500.0,260.0,14500.0,,
SUSTAPEEK,GLD 140 blue,Polyetheretherketone,PEEK,1.41,85.0,,,3700.0,,
SUSTAPEEK,GLD 140 FG natural,Polyetheretherketone,PEEK,1.36,87.0,,,3700.0,,
SUSTAPEEK,GLD 140 natural,Polyetheretherketone,PEEK,1.36,87.0,,,3700.0,,
Röchling®,SUSTAPEEK,Polyetheretherketone,PEEK,1.31,110.0,,,4000.0,,
RTP,2200 AR 15 TFE 15,Polyetheretherketone,PEEK,1.4,,5240.0,138.0,5380.0,,
RTP,2200 LF GB 30,Polyetheretherketone,PEEK,1.52,,5860.0,152.0,5520.0,,
RTP,2200 LF TFE 5,Polyetheretherketone,PEEK,1.32,,3790.0,145.0,3790.0,,
RTP,2201 HF,Polyetheretherketone,PEEK,1.37,,5520.0,186.0,6210.0,,
RTP,2203 HF,Polyetheretherketone,PEEK,1.44,,8270.0,248.0,8960.0,,
RTP,2205 HF TFE 10,Polyetheretherketone,PEEK,1.6,,11000.0,255.0,11700.0,,
RTP,2207 LF,Polyetheretherketone,PEEK,1.61,,13800.0,290.0,15200.0,,
RTP,2282 HF TFE 15,Polyetheretherketone,PEEK,1.45,,13100.0,262.0,14500.0,,
RTP,2285 LF,Polyetheretherketone,PEEK,1.41,,24100.0,365.0,25500.0,,
RTP,2285 LF TFE 15,Polyetheretherketone,PEEK,1.49,,24100.0,338.0,24100.0,,
RTP,2287 HF TFE 10,Polyetheretherketone,PEEK,1.5,,34500.0,393.0,41400.0,,
RTP,2299 X 115088 C,Polyetheretherketone,PEEK,1.49,,9650.0,283.0,10700.0,,
RTP,2299 X 115088 G,Polyetheretherketone,PEEK,1.59,,12800.0,303.0,12800.0,,
RTP,2299 X 115090 B,Polyetheretherketone,PEEK,1.33,,4830.0,172.0,5170.0,,
RTP,2299 X 120337,Polyetheretherketone,PEEK,1.47,,34500.0,407.0,36500.0,,
RTP,2299 X 121754 A,Polyetheretherketone,PEEK,1.4,,15900.0,290.0,16500.0,,
RTP,2299 X 123311 A,Polyetheretherketone,PEEK,1.33,,4140.0,172.0,4140.0,,
RTP,2299 X 126107 A,Polyetheretherketone,PEEK,1.61,,10300.0,145.0,12400.0,,
RTP,2299 X 53538,Polyetheretherketone,PEEK,1.56,,14500.0,252.0,16500.0,,
ESD,2281,Polyetheretherketone,PEEK,1.33,,9650.0,262.0,11000.0,,
ESD,2283 HF,Polyetheretherketone,PEEK,1.36,,17900.0,330.0,17600.0,,
EMI,2261,Polyetheretherketone,PEEK,1.42,,5170.0,193.0,5030.0,,
InLube®,PEEKTF10HF,Polyetheretherketone,PEEK,1.35,,3590.0,134.0,3790.0,,
VESTAKEEP®,DC4460 R,Polyetheretherketone,PEEK,1.52,110.0,5000.0,175.0,5000.0,,
SUSTAPEEK,black,Polyetheretherketone,PEEK,1.32,110.0,,,4000.0,,
SUSTAPEEK,CM MOD black,Polyetheretherketone,PEEK,1.47,,,,,,
SUSTAPEEK,GF 30 natural,Polyetheretherketone,PEEK,1.51,80.0,,,6000.0,,
RTP,2285 HF TFE 15 (ISO),Polyetheretherketone,PEEK,1.48,,25000.0,350.0,29000.0,,
RTP,2299 X 154495 A (ISO),Polyetheretherketone,PEEK,1.7,,11000.0,230.0,13000.0,,
Plaslube®,PEEK 6112,Polyetheretherketone,PEEK,1.37,82.7,3450.0,124.0,,,
Plaslube®,PEEK CF10 TL15 HF,Polyetheretherketone,PEEK,1.43,,12400.0,262.0,,,
Plaslube®,PEEK CF20 TL15 HF,Polyetheretherketone,PEEK,1.45,,18600.0,310.0,,,
Plaslube®,PEEK CF30 TL15 HF,Polyetheretherketone,PEEK,1.5,,24800.0,338.0,,,
Plaslube®,PEEK CF35 TL5 A,Polyetheretherketone,PEEK,1.47,,19300.0,233.0,,,
HiFill®,150 A,Polyetheretherketone,PEEK,1.3,93.1,4100.0,172.0,,,
HiFill®,PEEK 2150 A,Polyetheretherketone,PEEK,1.3,93.1,4100.0,172.0,,,
HiFill®,PEEK CF10 A HF,Polyetheretherketone,PEEK,1.34,,10300.0,283.0,,,
HiFill®,PEEK GF15 HF,Polyetheretherketone,PEEK,1.41,,6340.0,201.0,,,
HiFill®,PEEK GF30 A 008,Polyetheretherketone,PEEK,1.49,117.0,10100.0,172.0,7580.0,,
HiFill®,PEEK GF30 HF,Polyetheretherketone,PEEK,1.54,,11000.0,269.0,,,
HiFill®,PEEK GF30 HT011A,Polyetheretherketone,PEEK,1.5,,8270.0,217.0,10900.0,,
Electrafil®,PEEK 11002 BK,Polyetheretherketone,PEEK,1.3,89.6,2930.0,138.0,,,
SUMIPLOY®,CK3420,Polyetheretherketone,PEEK,1.42,,12100.0,276.0,16000.0,,
WR®,525,Polyetheretherketone,PEEK,1.63,,,,138000.0,,
Arlon®,1260,Polyetheretherketone,PEEK,1.41,,19000.0,347.0,,,
Arlon®,1286,Polyetheretherketone,PEEK,1.45,,26900.0,372.0,26900.0,,
Arlon®,1287 LI,Polyetheretherketone,PEEK,1.47,,27900.0,345.0,,,
VESTAKEEP® Care,M20 G black,Polyetheretherketone,PEEK,1.3,100.0,,,3700.0,,
VESTAKEEP® Care,M20G,Polyetheretherketone,PEEK,1.3,100.0,,,3700.0,,
VESTAKEEP® Care,M33G-HP,Polyetheretherketone,PEEK,1.3,98.0,,,3600.0,,
VESTAKEEP® Care,M40G,Polyetheretherketone,PEEK,1.3,96.0,,,3500.0,,
VESTAKEEP®,3300 G High Purity,Polyetheretherketone,PEEK,1.29,95.0,3350.0,145.0,3600.0,151.0,
VESTAKEEP®,4000 G BK,Polyetheretherketone,PEEK,1.3,95.0,,,3500.0,,
VESTAKEEP®,4000FP,Polyetheretherketone,PEEK,1.3,96.0,,,3500.0,,
VESTAKEEP®,5000 P,Polyetheretherketone,PEEK,,95.0,,,3500.0,152.0,
VESTAKEEP®,50001XT BK,Polyetheretherketone,PEEK,1.3,,,,,178.0,
VESTAKEEP®,D4 G,Polyetheretherketone,PEEK,1.3,96.0,3500.0,110.0,3500.0,153.0,
VESTAKEEP®,Easy Slide 1,Polyetheretherketone,PEEK,1.48,,,,12000.0,,
LNP™ THERMOCOMP™ Compound,LC004XXP,Polyetheretherketone,PEEK,1.36,199.0,13900.0,,,,
LNP™ THERMOCOMP™ Compound,LC006 - Americas,Polyetheretherketone,PEEK,1.41,,20200.0,346.0,24100.0,,
LNP™ THERMOCOMP™ Compound,LC006EX1,Polyetheretherketone,PEEK,1.42,,25400.0,412.0,29200.0,,
LNP™ THERMOCOMP™ Compound,LC006EXQ,Polyetheretherketone,PEEK,1.4,,27200.0,457.0,35300.0,,
LNP™ THERMOCOMP™ Compound,LC00AEX1,Polyetheretherketone,PEEK,1.5,,39100.0,404.0,44000.0,,
LNP™ THERMOCOMP™ Compound,LF002 - Americas,Polyetheretherketone,PEEK,1.37,125.0,5660.0,,6490.0,,
LNP™ THERMOCOMP™ Compound,LF004EX1,Polyetheretherketone,PEEK,1.43,,7400.0,200.0,8900.0,,
LNP™ THERMOCOMP™ Compound,LF006 - Europe,Polyetheretherketone,PEEK,1.53,,10200.0,,11100.0,,
LNP™ THERMOCOMP™ Compound,LF008 - Americas,Polyetheretherketone,PEEK,1.61,156.0,9650.0,240.0,12800.0,,
LNP™ THERMOCOMP™ Compound,LF008EX1,Polyetheretherketone,PEEK,1.62,,12700.0,265.0,13800.0,,
LNP™ THERMOCOMP™ Compound,LX08411,Polyetheretherketone,PEEK,1.45,270.0,25000.0,,23500.0,,
LNP™ THERMOCOMP™ Compound,LX09404,Polyetheretherketone,PEEK,1.47,,29700.0,,41500.0,,
LNP™ THERMOCOMP™ Compound,LX97024,Polyetheretherketone,PEEK,1.41,,6000.0,,6900.0,,
LNP™ LUBRICOMP™ Compound,LCL33EXQ,Polyetheretherketone,PEEK,1.45,,13500.0,276.0,14000.0,,32.0
LNP™ LUBRICOMP™ Compound,LCL36E - Europe,Polyetheretherketone,PEEK,1.5,,19800.0,,21600.0,,
LNP™ LUBRICOMP™ Compound,LGL33,Polyetheretherketone,PEEK,1.47,,4240.0,116.0,4290.0,,
LNP™ LUBRICOMP™ Compound,LL002,Polyetheretherketone,PEEK,1.37,76.0,3120.0,103.0,3280.0,,
LNP™ LUBRICOMP™ Compound,LL004 - Americas,Polyetheretherketone,PEEK,1.37,74.0,2960.0,118.0,3060.0,,
LNP™ LUBRICOMP™ Compound,LL004C,Polyetheretherketone,PEEK,1.37,74.0,2960.0,118.0,3060.0,,
Sciengy®,PEEK-SG301A87,Polyetheretherketone,PEEK,1.51,,11300.0,270.0,11800.0,143.0,
Sciengy®,PEEK-SGRN10FP,Polyetheretherketone,PEEK,1.3,,4000.0,162.0,3700.0,143.0,13.0
Zeniva®,ZA-500 Stock Shapes,Polyetheretherketone,PEEK,1.3,89.6,3000.0,,3450.0,150.0,
Zeniva®,ZA-520 Resin,Polyetheretherketone,PEEK,1.35,90.0,3000.0,,3300.0,150.0,
Zeniva®,ZA-600 BK L,Polyetheretherketone,PEEK,1.3,99.0,4000.0,,3800.0,148.0,
Zeniva®,ZA-600 L,Polyetheretherketone,PEEK,1.3,100.0,4000.0,,3900.0,150.0,
KetaSpire®,CF10 HC AM Filament,Polyetheretherketone,PEEK,1.33,,,,11000.0,,
KetaSpire®,CF10 LS1 AM Filament,Polyetheretherketone,PEEK,1.33,,,,11000.0,,
KetaSpire®,KT-1211FP,Polyetheretherketone,PEEK,1.3,,3860.0,152.0,3650.0,150.0,
KetaSpire®,KT-810,Polyetheretherketone,PEEK,1.29,94.5,3700.0,145.0,3500.0,,
KetaSpire®,KT-820 CF30,Polyetheretherketone,PEEK,1.41,217.0,17500.0,311.0,19700.0,150.0,1.1
KetaSpire®,KT-820 GF15,Polyetheretherketone,PEEK,1.4,,,205.0,6200.0,,
KetaSpire®,KT-820 SL30,Polyetheretherketone,PEEK,1.45,150.0,10500.0,218.0,11000.0,152.0,2.4
KetaSpire®,KT-850,Polyetheretherketone,PEEK,1.3,,3700.0,146.0,3650.0,150.0,10.0
KetaSpire®,KT-880 CF30,Polyetheretherketone,PEEK,1.41,,21400.0,342.0,23900.0,147.0,11.0
KetaSpire®,KT-880 GF30,Polyetheretherketone,PEEK,1.53,174.0,10500.0,239.0,10800.0,147.0,14.0
KetaSpire®,KT-880P,Polyetheretherketone,PEEK,1.3,,3900.0,152.0,3800.0,147.0,36.0
KetaSpire®,MS NT1 AM Filament,Polyetheretherketone,PEEK,1.29,85.0,,,3120.0,,
KetaSpire®,XT-920 CF30,Polyetheretherketone,PEEK,1.39,,23200.0,367.0,26300.0,170.0,2.2
Ajedium™ Films,-- KetaSpire® KT-820,Polyetheretherketone,PEEK,1.3,,,,,150.0,
DynaMix™,3201-L,Polyetheretherketone,PEEK,1.28,82.7,29000.0,117.0,,,29.0
Pyramid™,KD2000-G01,Polyetheretherketone,PEEK,1.3,,4000.0,,3500.0,143.0,20.0
Pyramid™,KD2000-J02,Polyetheretherketone,PEEK,1.3,,3500.0,,3500.0,143.0,20.0
Pyramid™,KD2000-R01,Polyetheretherketone,PEEK,1.3,,4000.0,,3500.0,143.0,20.0
Pyramid™,KD2152,Polyetheretherketone,PEEK,1.52,,8200.0,,8100.0,,
Pyramid™,KD2440,Polyetheretherketone,PEEK,1.52,,4800.0,,5000.0,143.0,
Pyramid™,KD2520-NT,Polyetheretherketone,PEEK,1.39,,3590.0,,3450.0,143.0,
Nemcon™ H,PK DP110/X5,Polyetheretherketone,PEEK,1.52,75.0,7050.0,,6250.0,150.0,
UNITREX®,C30,Polyetheretherketone,PEEK,1.41,220.0,18000.0,358.0,13000.0,143.0,
UNITREX®,CM3801,Polyetheretherketone,PEEK,1.5,84.1,4400.0,160.0,4400.0,143.0,
UNITREX®,Lf20,Polyetheretherketone,PEEK,1.42,79.3,3450.0,138.0,3170.0,143.0,
POTICON,KT16,Polyetheretherketone,PEEK,1.58,,9900.0,248.0,,,
Edgetek™,PK-30GF/000 BK,Polyetheretherketone,PEEK,1.48,180.0,12000.0,280.0,13000.0,,3.0
AKROTEK®,PEEK 8 natural (4447),Polyetheretherketone,PEEK,1.29,100.0,3800.0,155.0,3700.0,,
AKROTEK®,PEEK 8 natural (7343),Polyetheretherketone,PEEK,1.3,95.0,,,3600.0,,
AKROTEK®,PEEK CF 40 9 black (5446),Polyetheretherketone,PEEK,1.44,,,,33000.0,,
AKROTEK®,PEEK CF 40 black (5099),Polyetheretherketone,PEEK,1.45,,33000.0,365.0,34500.0,,
AKROTEK®,PEEK GF 30 natural (5047),Polyetheretherketone,PEEK,1.5,,,,12000.0,,
AKROTEK®,PEEK GF 30 natural (5047),Polyetheretherketone,PEEK,1.5,,11500.0,305.0,12000.0,,
AKROTEK®,PEEK GF 30 natural (7938),Polyetheretherketone,PEEK,1.5,,,,12000.0,,
InStruc®,PEEKBS6,Polyetheretherketone,PEEK,1.33,,3450.0,121.0,4140.0,,
InStruc®,PEEKGB20HF,Polyetheretherketone,PEEK,1.44,,4480.0,131.0,4830.0,,
InStruc®,PEEKGF30HFMD,Polyetheretherketone,PEEK,1.53,,10300.0,276.0,10300.0,,
InLube®,PEEKCF15TF15HF,Polyetheretherketone,PEEK,1.45,,13100.0,262.0,14500.0,,
InLube®,PEEKCF20TF15,Polyetheretherketone,PEEK,1.45,,17600.0,296.0,,,
InLube®,PEEKGF15TF15HF,Polyetheretherketone,PEEK,1.52,,7930.0,183.0,8960.0,,
TECACOMP®,PEEK 150 black 9591,Polyetheretherketone,PEEK,1.32,,,,3500.0,143.0,18.0
TECACOMP®,PEEK 150 red 3106,Polyetheretherketone,PEEK,1.33,,,,3500.0,143.0,18.0
TECACOMP®,PEEK 450 CF30 black 3198,Polyetheretherketone,PEEK,1.39,,,,17500.0,143.0,
TECACOMP®,PEEK 450 CF30 RG black 3810,Polyetheretherketone,PEEK,1.39,,,,16000.0,143.0,
TECACOMP®,PEEK 450 MED  black 9587,Polyetheretherketone,PEEK,1.32,,,,3700.0,143.0,8.2
TECACOMP®,PEEK 450 MED green 3889,Polyetheretherketone,PEEK,1.3,,,,3700.0,143.0,
TECACOMP®,PEEK 450 MP natural 4202,Polyetheretherketone,PEEK,1.3,,,,3650.0,143.0,
TECACOMP®,PEEK 450 MT ivory 3674,Polyetheretherketone,PEEK,1.4,,,,4000.0,143.0,
TECACOMP®,PEEK 450 MT ivory 4184,Polyetheretherketone,PEEK,1.4,,,,4000.0,143.0,
TECACOMP®,PEEK 450 natural 9580,Polyetheretherketone,PEEK,1.3,,,,3600.0,143.0,10.0
TECACOMP®,PEEK 450 TF10 blue 3905,Polyetheretherketone,PEEK,1.36,,,,3500.0,143.0,7.5
TECACOMP®,PEEK CF30 black 1017676,Polyetheretherketone,PEEK,1.41,,,,19500.0,143.0,2.5
TECACOMP®,PEEK GF30 natural 4253,Polyetheretherketone,PEEK,1.51,,,,7700.0,143.0,7.5
TECACOMP®,PEEK TRM PVX MP black 1052994,Polyetheretherketone,PEEK,1.42,,,,14000.0,143.0,8.0
DURAPEEK,1000CC30,Polyetheretherketone,PEEK,1.61,,5000.0,,,,
DURAPEEK,1000HFGF30,Polyetheretherketone,PEEK,1.52,,,,12000.0,,
DURAPEEK,1000U,Polyetheretherketone,PEEK,1.29,93.1,3470.0,152.0,3550.0,,
DURAPEEK,3000,Polyetheretherketone,PEEK,1.3,,,,3600.0,,
DURAPEEK,PEEKLGF50,Polyetheretherketone,PEEK,1.7,,17900.0,324.0,16500.0,,
Stat-Tech™,PK-30CF/000 FCR BK,Polyetheretherketone,PEEK,1.4,,22000.0,360.0,25000.0,,
Semitron®,ESd 490HR PEEK,Polyetheretherketone,PEEK,1.5,,6550.0,145.0,6350.0,,
Semitron®,HPV ESd PEEK,Polyetheretherketone,PEEK,1.46,,5240.0,160.0,6140.0,,
Semitron®,MDS 100 PEEK,Polyetheretherketone,PEEK,1.51,,9790.0,141.0,11000.0,,
Ketron®,1000 PEEK FG,Polyetheretherketone,PEEK,1.31,,4140.0,170.0,4300.0,,
Ketron®,CA30 PEEK SP,Polyetheretherketone,PEEK,1.41,,,220.0,11000.0,,
Ketron®,GF30 PEEK SP,Polyetheretherketone,PEEK,1.51,,,,7200.0,,
Ketron®,Sterra™ CA30 PEEK,Polyetheretherketone,PEEK,1.41,,8620.0,220.0,9200.0,,
TRE,PK 450,Polyetheretherketone,PEEK,1.3,,4070.0,173.0,,,
TRE,PK 450 Renewable,Polyetheretherketone,PEEK,1.3,,3580.0,172.0,,,
Witcom PEEK,2C-EM,Polyetheretherketone,PEEK,1.32,140.0,7000.0,200.0,,,
Witcom PEEK,3C-EM,Polyetheretherketone,PEEK,1.38,170.0,10000.0,230.0,,,
Witcom PEEK,4L1,Polyetheretherketone,PEEK,1.41,75.0,3100.0,105.0,,,
WDF® PEEK,K900CF20-HV,Polyetheretherketone,PEEK,1.37,,16000.0,310.0,,,4.0
WDF® PEEK,K900CF20-LV,Polyetheretherketone,PEEK,1.37,,17000.0,315.0,,,45.0
WDF® PEEK,K900GF30-HV,Polyetheretherketone,PEEK,1.51,,11300.0,265.0,,,4.5
VAMPEEK,A 1510,Polyetheretherketone,PEEK,1.38,,,,7000.0,,
VAMPEEK,A 4010,Polyetheretherketone,PEEK,1.61,,,,14000.0,,
VICTREX™ PEEK POLYMER,150G,Polyetheretherketone,PEEK,1.3,105.0,3900.0,20.0,4100.0,143.0,
VICTREX™ PEEK POLYMER,150GL20,Polyetheretherketone,PEEK,1.43,,8500.0,250.0,9000.0,143.0,
VICTREX™ PEEK POLYMER,150GL30,Polyetheretherketone,PEEK,1.52,,11500.0,290.0,12000.0,143.0,
VICTREX™ PEEK POLYMER,150UF10,Polyetheretherketone,PEEK,1.3,100.0,3900.0,170.0,4100.0,143.0,
VICTREX™ PEEK POLYMER,151G,Polyetheretherketone,PEEK,1.3,105.0,3900.0,20.0,4100.0,143.0,
VICTREX™ PEEK POLYMER,450G™,Polyetheretherketone,PEEK,1.3,98.0,3800.0,19.0,4000.0,143.0,
VICTREX™ PEEK POLYMER,450GL20,Polyetheretherketone,PEEK,1.43,,8300.0,250.0,8800.0,143.0,
VICTREX™ PEEK POLYMER,450GL30,Polyetheretherketone,PEEK,1.51,,11000.0,275.0,11500.0,143.0,
VICTREX™ PEEK POLYMER,450GL30 Black,Polyetheretherketone,PEEK,1.51,,11000.0,250.0,11500.0,143.0,
VICTREX™ PEEK POLYMER,ESD101,Polyetheretherketone,PEEK,1.65,,11000.0,200.0,11500.0,143.0,
Latilub,88/10-15T K/30,Polyetheretherketone,PEEK,1.47,,,,22700.0,,
Larpeek,50,Polyetheretherketone,PEEK,1.3,95.1,,,3520.0,,
LUVOTECH®,1105-9531,Polyetheretherketone,PEEK,1.41,,22000.0,310.0,26000.0,,
LUVOCOM®,1105/CF/30/EM,Polyetheretherketone,PEEK,1.42,,23000.0,370.0,27000.0,,
LUVOCOM®,1105/GF/20/EM/BK,Polyetheretherketone,PEEK,1.44,,7000.0,190.0,8000.0,,
LUVOCOM®,1105/GF/30/BK-1,Polyetheretherketone,PEEK,1.49,,9000.0,260.0,11000.0,,
LUVOCOM®,1105/GR/15/TF/15-2,Polyetheretherketone,PEEK,1.49,,3500.0,110.0,4000.0,,
LUVOCOM®,1105/XCF/15,Polyetheretherketone,PEEK,1.35,,15000.0,360.0,18000.0,,
LUVOCOM®,1105-0699,Polyetheretherketone,PEEK,1.5,,21000.0,320.0,26000.0,,
LUVOCOM®,1105-0831,Polyetheretherketone,PEEK,1.29,,3500.0,145.0,4000.0,,
LUVOCOM®,1105-0918/BL,Polyetheretherketone,PEEK,1.57,,9000.0,205.0,11000.0,,
LUVOCOM®,1105-7106,Polyetheretherketone,PEEK,1.45,,9000.0,145.0,10000.0,,
LUVOCOM®,1105-7107,Polyetheretherketone,PEEK,1.41,,6500.0,145.0,7500.0,,
LUVOCOM®,1105-8167,Polyetheretherketone,PEEK,1.51,,11000.0,230.0,13000.0,,
LUVOCOM®,1105-8278/OR,Polyetheretherketone,PEEK,1.43,,6500.0,180.0,7500.0,,
LUVOCOM®,1105-8317/RD,Polyetheretherketone,PEEK,1.53,,9000.0,200.0,11000.0,,
SUSTAPEEK,GLD 140 FG blue,Polyetheretherketone,PEEK,1.41,85.0,,,3700.0,,
SUSTAPEEK,MG red,Polyetheretherketone,PEEK,1.36,110.0,,,4000.0,,
RTP,2200 HF,Polyetheretherketone,PEEK,1.3,,3790.0,159.0,3790.0,,
RTP,2200 HF TFE 15,Polyetheretherketone,PEEK,1.37,,3450.0,124.0,3450.0,,
RTP,2200 LF TFE 10 Z,Polyetheretherketone,PEEK,1.35,,3790.0,141.0,3450.0,,
RTP,2200 LF TFE 15,Polyetheretherketone,PEEK,1.37,,3790.0,134.0,2760.0,,
RTP,2201 LF,Polyetheretherketone,PEEK,1.37,,5520.0,193.0,6210.0,,
RTP,2202 HF TFE 15,Polyetheretherketone,PEEK,1.53,,6210.0,155.0,6890.0,,
RTP,2203 LF,Polyetheretherketone,PEEK,1.44,,8270.0,228.0,8960.0,,
RTP,2205 HF,Polyetheretherketone,PEEK,1.52,,11100.0,283.0,11700.0,,
RTP,2205 HF SE,Polyetheretherketone,PEEK,1.52,,11000.0,276.0,11700.0,,
RTP,2281 HF TFE 15,Polyetheretherketone,PEEK,1.4,,10300.0,241.0,11000.0,,
RTP,2282 LF TFE 15,Polyetheretherketone,PEEK,1.41,,12400.0,255.0,13800.0,,
RTP,2283 HF TFE 15,Polyetheretherketone,PEEK,1.45,,17600.0,296.0,19300.0,,
RTP,2288 LF,Polyetheretherketone,PEEK,1.46,,34500.0,414.0,40700.0,,
RTP,2299 X 108578 C,Polyetheretherketone,PEEK,1.7,,19300.0,338.0,16900.0,,
RTP,2299 X 117879 A,Polyetheretherketone,PEEK,1.32,,4140.0,179.0,4830.0,,
RTP,2299 X 125404 A,Polyetheretherketone,PEEK,1.34,,10300.0,262.0,10700.0,,
RTP,2299 X 91191,Polyetheretherketone,PEEK,1.82,,15900.0,207.0,16500.0,,
ESD,2285 HF,Polyetheretherketone,PEEK,1.41,,24800.0,379.0,26200.0,,
EMI,2263,Polyetheretherketone,PEEK,1.56,,4760.0,172.0,4550.0,,
VESTAKEEP®,1000 CF30,Polyetheretherketone,PEEK,1.4,,,,23000.0,,
VESTAKEEP®,4500 G,Polyetheretherketone,PEEK,1.3,96.0,,,3800.0,153.0,
VESTAKEEP®,DC4460 G,Polyetheretherketone,PEEK,1.52,95.0,,,4100.0,145.0,
SUSTAPEEK,natural calendered,Polyetheretherketone,PEEK,1.31,110.0,,,4000.0,,
SUSTAPEEK,red,Polyetheretherketone,PEEK,1.31,110.0,,,4000.0,,
RTP,2299 X 158694 A (ISO),Polyetheretherketone,PEEK,1.3,,4600.0,160.0,4650.0,,
VICTREX HPG™ POLYMER,140 GRA,Polyetheretherketone,PEEK,1.3,95.0,3700.0,120.0,3700.0,143.0,
Flontech®,FT-PK20-GR5-1,Polyetheretherketone + PTFE,PEEK+PTFE,1.93,,,,,,
VESTAKEEP®,2000 FC30,Polyetheretherketone + PTFE,PEEK+PTFE,1.45,,,,12600.0,,
Sciengy®,EK-SGC301E43,Polyetheretherketone + PTFE,PEEK+PTFE,1.45,,11000.0,230.0,14000.0,143.0,
APTIV™ FILMS,1102,"Film, PEEK","Film, PEEK",1.45,,,,,,
APTIV™ FILMS,1300,"Film, PEEK","Film, PEEK",1.3,,,,,,
APTIV™ FILMS,2100,"Film, PEEK","Film, PEEK",1.42,,,,,,
VESTAKEEP®,4000 FC30,Polyetheretherketone + PTFE,PEEK+PTFE,1.45,,10300.0,240.0,12500.0,,
perfluorence Tribocompound,CoPEEK+PTFEcg,Polyetheretherketone + PTFE,PEEK+PTFE,1.34,,3150.0,123.0,3200.0,152.0,37.0
APTIV™ FILMS,2000,"Film, PEEK","Film, PEEK",1.26,,,,,,
Sciengy®,EK-SG201RN,Polyetheretherketone + PTFE,PEEK+PTFE,1.4,,3200.0,100.0,2900.0,143.0,
APTIV™ FILMS,1000,"Film, PEEK","Film, PEEK",1.3,,,,,,
APTIV™ FILMS,1103,"Film, PEEK","Film, PEEK",1.54,,,,,,
