Product Name,Grade,Generic Polymer Type,Generic Polymer Symbol,Polymer Code,Tensile Strength at Yield,Melting Temperature,Flexural Modulus,Flexural Strength,Tensile Modulus,Glass Transition Temperature,Melt Mass-Flow Rate (MFR)
Sylvin,5189-60D Natural,"Polyvinyl Chloride, Semi-Rigid","PVC, Semi-Rigid",PVC,,177.0,,,,,
Sylvin,83055-58D Black,"Polyvinyl Chloride, Rigid","PVC, Rigid",PVC,,177.0,,,,,
Sylvin,8321-60D Natural,"Polyvinyl Chloride, Rigid","PVC, Rigid",PVC,,177.0,,,,,
Sylvin,8329-65D Natural,"Polyvinyl Chloride, Rigid","PVC, Rigid",PVC,,177.0,,,,,
Sylvin,8392-60D Natural,"Polyvinyl Chloride, Rigid","PVC, Rigid",PVC,,177.0,,,,,
Sylvin,8393-93C Natural,"Polyvinyl Chloride, Semi-Rigid","PVC, Semi-Rigid",PVC,,177.0,,,18.3,,
Sylvin,8773-60D Brown 7354,"Polyvinyl Chloride, Rigid","PVC, Rigid",PVC,,177.0,,,,,
Sylvin,8773-60D Brown 7362,"Polyvinyl Chloride, Rigid","PVC, Rigid",PVC,,177.0,,,,,
Sylvin,8773-60D Brown 7363,"Polyvinyl Chloride, Rigid","PVC, Rigid",PVC,,177.0,,,,,
Sylvin,8773-60D Green 3149,"Polyvinyl Chloride, Rigid","PVC, Rigid",PVC,,177.0,,,,,
Sylvin,8773-60D Grey 9536,"Polyvinyl Chloride, Rigid","PVC, Rigid",PVC,,177.0,,,,,
Sylvin,8773-60D Yellow 4188,"Polyvinyl Chloride, Rigid","PVC, Rigid",PVC,,177.0,,,,,
Sylvin,8839-60D Grey 9506,"Polyvinyl Chloride, Rigid","PVC, Rigid",PVC,,177.0,,,,,
Sylvin,8864-70D Brown 7398,"Polyvinyl Chloride, Rigid","PVC, Rigid",PVC,,177.0,,,,,
Sylvin,9764-60D Natural,"Polyvinyl Chloride, Rigid","PVC, Rigid",PVC,,177.0,,,,,
Sylvin,9775-70D Black,"Polyvinyl Chloride, Rigid","PVC, Rigid",PVC,,177.0,,,,,
Vital-Line,SMM3711,"Polyvinyl Chloride, Rigid","PVC, Rigid",PVC,,,,,,,
Sinvicomp,DBS3503,"Polyvinyl Chloride, Rigid","PVC, Rigid",PVC,39.2,,,,,,
Sinvicomp,DBS3604,"Polyvinyl Chloride, Rigid","PVC, Rigid",PVC,49.0,,,,,,
Sinvicomp,DBS3607,"Polyvinyl Chloride, Rigid","PVC, Rigid",PVC,49.0,,,,,,
Sinvicomp,DBS3703,"Polyvinyl Chloride, Rigid","PVC, Rigid",PVC,49.0,,,,,,
Sinvicomp,DFR5806,"Polyvinyl Chloride, Rigid","PVC, Rigid",PVC,,,220.0,,,,
Sinvicomp,SBB3700,"Polyvinyl Chloride, Rigid","PVC, Rigid",PVC,48.5,,,,,,
Sinvicomp,SBB3704,"Polyvinyl Chloride, Rigid","PVC, Rigid",PVC,47.1,,,,,,
Sinvicomp,SBB4707,"Polyvinyl Chloride, Rigid","PVC, Rigid",PVC,43.1,,,,,,
Sinvicomp,SBC3710,"Polyvinyl Chloride, Rigid","PVC, Rigid",PVC,47.1,,,,,,
Sinvicomp,SBF3778,"Polyvinyl Chloride, Rigid","PVC, Rigid",PVC,41.2,,,,,,
Sinvicomp,SIC3703G,"Polyvinyl Chloride, Rigid","PVC, Rigid",PVC,54.0,,,,,,5.0
Sinvicomp,SIC3704BUV,"Polyvinyl Chloride, Rigid","PVC, Rigid",PVC,35.0,,,,,,
Sinvicomp,SIC3704M,"Polyvinyl Chloride, Rigid","PVC, Rigid",PVC,34.0,,,,,,
Sinvicomp,SIZ4505H,"Polyvinyl Chloride, Rigid","PVC, Rigid",PVC,,,,,,,
Sinvicomp,SRF2705,"Polyvinyl Chloride, Rigid","PVC, Rigid",PVC,44.1,,,,,,
Sinvicomp,SRF3700,"Polyvinyl Chloride, Rigid","PVC, Rigid",PVC,53.9,,,,,,
Sinvicomp,SRF3704,"Polyvinyl Chloride, Rigid","PVC, Rigid",PVC,46.1,,,,,,5.5
Sinvicomp,SRF3707,"Polyvinyl Chloride, Rigid","PVC, Rigid",PVC,45.1,,,,,,
Sinvicomp,SRF3730,"Polyvinyl Chloride, Rigid","PVC, Rigid",PVC,53.0,,,,,,
Sinvicomp,SRF3735,"Polyvinyl Chloride, Rigid","PVC, Rigid",PVC,50.0,,,,,,
Sinvicomp,SRF3793,"Polyvinyl Chloride, Rigid","PVC, Rigid",PVC,50.0,,2700.0,73.0,,,
Sinvicomp,SRF3872,"Polyvinyl Chloride, Rigid","PVC, Rigid",PVC,50.0,,2700.0,73.0,,,
Sinvicomp,SRF9703,"Polyvinyl Chloride, Rigid","PVC, Rigid",PVC,48.0,,,,,,
Sinvicomp,SRF9703AP,"Polyvinyl Chloride, Rigid","PVC, Rigid",PVC,48.0,,,,,,
Sinvicomp,SRF9704,"Polyvinyl Chloride, Rigid","PVC, Rigid",PVC,48.0,,,,,,
Sinvicomp,SRF9711,"Polyvinyl Chloride, Rigid","PVC, Rigid",PVC,48.0,,,,,,
Sinvicomp,SRP2009M,"Polyvinyl Chloride, Rigid","PVC, Rigid",PVC,47.0,,,,,,
Sinvicomp,SRP3004,"Polyvinyl Chloride, Rigid","PVC, Rigid",PVC,39.0,,,,,,
Sinvicomp,SRT5713,"Polyvinyl Chloride, Rigid","PVC, Rigid",PVC,46.0,,,,,,
APEX®,S3600-85NT,"Polyvinyl Chloride, Semi-Rigid","PVC, Semi-Rigid",PVC,,,,,,,
APEX®,11-A1261H-89,"Polyvinyl Chloride, Semi-Rigid","PVC, Semi-Rigid",PVC,,,,,,,
APEX®,1523-90-N-00,"Polyvinyl Chloride, Semi-Rigid","PVC, Semi-Rigid",PVC,,,,,,,25.0
APEX®,1545-75,"Polyvinyl Chloride, Semi-Rigid","PVC, Semi-Rigid",PVC,,,,,,,
APEX®,1545-85 LG2,"Polyvinyl Chloride, Semi-Rigid","PVC, Semi-Rigid",PVC,,,,,,,
APEX®,1545-95 LSG,"Polyvinyl Chloride, Semi-Rigid","PVC, Semi-Rigid",PVC,,,,,,,
APEX®,1545-D40 ST,"Polyvinyl Chloride, Semi-Rigid","PVC, Semi-Rigid",PVC,,,,,,,
APEX®,5500-90T HF,"Polyvinyl Chloride, Semi-Rigid","PVC, Semi-Rigid",PVC,,,,,,,
APEX®,RE 8003B NT,"Polyvinyl Chloride, Rigid","PVC, Rigid",PVC,,,2720.0,,2590.0,,
APEX®,RE 8205,"Polyvinyl Chloride, Rigid","PVC, Rigid",PVC,,,2940.0,,3070.0,,
APEX®,RE 8220,"Polyvinyl Chloride, Rigid","PVC, Rigid",PVC,,,3000.0,,2990.0,,
APEX®,RE 9003UV,"Polyvinyl Chloride, Rigid","PVC, Rigid",PVC,,,2590.0,,,,
APEX®,RE 9005 UV,"Polyvinyl Chloride, Rigid","PVC, Rigid",PVC,,,,,,,
APEX®,RE 9203,"Polyvinyl Chloride, Rigid","PVC, Rigid",PVC,,,2690.0,,2650.0,,
APEX®,RM 9214,"Polyvinyl Chloride, Rigid","PVC, Rigid",PVC,,,2550.0,,2480.0,,
APEX®,RM 9215,"Polyvinyl Chloride, Rigid","PVC, Rigid",PVC,,,2620.0,,2550.0,,
APEX®,RM03SCR1-03NT1G,"Polyvinyl Chloride, Rigid","PVC, Rigid",PVC,,,,,,,
APEX®,RM03SCR2-01 NT1,"Polyvinyl Chloride, Rigid","PVC, Rigid",PVC,,,,,,,
Hoffman PVC,V7-28,"Polyvinyl Chloride, Rigid","PVC, Rigid",PVC,,,2550.0,68.3,2540.0,,
GEON® Rigid,206,"Polyvinyl Chloride, Rigid","PVC, Rigid",PVC-I,44.5,,2760.0,81.4,2620.0,,
GEON® Rigid,2188,"Polyvinyl Chloride, Rigid","PVC, Rigid",PVC-I,41.4,,2630.0,78.4,2720.0,,
GEON® Rigid,85857,"Polyvinyl Chloride, Rigid","PVC, Rigid",PVC-I,42.7,,2830.0,77.9,2450.0,,
GEON® Rigid,85880,"Polyvinyl Chloride, Rigid","PVC, Rigid",PVC,41.9,,2500.0,70.4,2620.0,,
GEON® Rigid,8700A,"Polyvinyl Chloride, Rigid","PVC, Rigid",PVC,42.7,,2620.0,75.8,2690.0,,
GEON® Rigid,8700X,"Polyvinyl Chloride, Rigid","PVC, Rigid",PVC,42.1,,2480.0,75.8,2480.0,,
GEON® Rigid,87322,"Polyvinyl Chloride, Rigid","PVC, Rigid",PVC-I,45.5,,2900.0,82.7,2760.0,,
GEON® Rigid,87548 AS,"Polyvinyl Chloride, Rigid","PVC, Rigid",PVC-I,53.4,,2840.0,88.5,2790.0,,
GEON® Rigid,87554,"Polyvinyl Chloride, Rigid","PVC, Rigid",PVC-I,53.4,,2840.0,88.5,2790.0,,
GEON® Rigid,87555HS,"Polyvinyl Chloride, Rigid","PVC, Rigid",PVC-I,53.4,,2840.0,88.5,2790.0,,
GEON® Rigid,87624,"Polyvinyl Chloride, Rigid","PVC, Rigid",PVC,48.3,,3450.0,89.6,2760.0,,
GEON® Rigid,87768,"Polyvinyl Chloride, Rigid","PVC, Rigid",PVC,56.1,,3330.0,99.9,2650.0,,
GEON® Rigid,87771,"Polyvinyl Chloride, Rigid","PVC, Rigid",PVC,46.0,,2740.0,80.6,2720.0,,
GEON® Rigid,E0101,"Polyvinyl Chloride, Rigid","PVC, Rigid",PVC,,,,,,,
GEON® Rigid,E1354,"Polyvinyl Chloride, Rigid","PVC, Rigid",PVC,48.6,,3230.0,95.1,2820.0,,
GEON® Rigid,E1357,"Polyvinyl Chloride, Rigid","PVC, Rigid",PVC,50.2,,2960.0,93.8,2960.0,,
GEON® Rigid,E1501,"Polyvinyl Chloride, Rigid","PVC, Rigid",PVC-I,41.6,,2900.0,79.3,2950.0,,
GEON® Rigid,E6950,"Polyvinyl Chloride, Rigid","PVC, Rigid",PVC-I,46.9,,3100.0,95.1,2760.0,,
GEON® Rigid,E7370,"Polyvinyl Chloride, Rigid","PVC, Rigid",PVC-I,44.8,,2760.0,83.4,3090.0,,
GEON® Rigid,E7853,"Polyvinyl Chloride, Rigid","PVC, Rigid",PVC-I,45.9,,3080.0,82.3,3860.0,,
GEON® Rigid,E7857,"Polyvinyl Chloride, Rigid","PVC, Rigid",PVC-I,42.7,,2830.0,77.9,2450.0,,
GEON® Rigid,HC 8220,"Polyvinyl Chloride, Rigid","PVC, Rigid",PVC-I,48.3,,2760.0,75.8,2690.0,,
GEON® Rigid,HC 8230,"Polyvinyl Chloride, Rigid","PVC, Rigid",PVC-I,45.5,,2710.0,71.7,2590.0,,
GEON® Rigid,L0148,"Polyvinyl Chloride, Rigid","PVC, Rigid",PVC,43.1,,2800.0,78.0,2840.0,,
GEON® Rigid,L0248 Opaque,"Polyvinyl Chloride, Rigid","PVC, Rigid",PVC-I,45.5,,2700.0,78.9,2580.0,,
GEON® Rigid,L0659,"Polyvinyl Chloride, Rigid","PVC, Rigid",PVC,42.3,,3210.0,80.6,3270.0,,
GEON® Rigid,L0676,"Polyvinyl Chloride, Rigid","PVC, Rigid",PVC-I,37.6,,2190.0,64.6,2150.0,,
GEON® Rigid,L4794,"Polyvinyl Chloride, Rigid","PVC, Rigid",PVC,43.9,,2490.0,76.6,2260.0,,
GEON® Rigid,L4857,"Polyvinyl Chloride, Rigid","PVC, Rigid",PVC-I,42.7,,2830.0,77.9,2450.0,,
GEON® Rigid,L6701,"Polyvinyl Chloride, Rigid","PVC, Rigid",PVC,44.9,,3010.0,81.8,2670.0,,
GEON® Rigid,L7007,"Polyvinyl Chloride, Rigid","PVC, Rigid",PVC,43.2,,2960.0,84.8,2850.0,,
GEON® Rigid,L7703,"Polyvinyl Chloride, Rigid","PVC, Rigid",PVC,43.6,,3350.0,89.6,3280.0,,
GEON® Rigid,L7858 LHB Brown 3511 (Provisional)*,"Polyvinyl Chloride, Rigid","PVC, Rigid",PVC-I,42.7,,2830.0,77.9,2450.0,,
GEON® Rigid,L8801,"Polyvinyl Chloride, Rigid","PVC, Rigid",PVC,50.5,,3210.0,91.5,3040.0,,
GEON® Rigid,L9630H,"Polyvinyl Chloride, Rigid","PVC, Rigid",PVC,43.0,,2910.0,74.5,3110.0,,
GEON® Rigid,LS11040M,"Polyvinyl Chloride, Rigid","PVC, Rigid",PVC,40.7,,2410.0,65.5,2480.0,,
GEON® Rigid,LS11150E,"Polyvinyl Chloride, Rigid","PVC, Rigid",PVC,54.8,,4540.0,95.1,4720.0,,
GEON® Rigid,LS13020E DIFFUSE Provisional,"Polyvinyl Chloride, Rigid","PVC, Rigid",PVC,50.7,,2760.0,79.7,2700.0,,
GEON® Rigid,LS21000E Provisional,"Polyvinyl Chloride, Rigid","PVC, Rigid",PVC,44.8,,3150.0,80.4,2820.0,,
GEON® Rigid,LS21040M,"Polyvinyl Chloride, Rigid","PVC, Rigid",PVC-I,40.0,,1920.0,57.2,1910.0,,
GEON® Rigid,LS21400E,"Polyvinyl Chloride, Rigid","PVC, Rigid",PVC,43.5,,2670.0,77.3,2330.0,,
GEON® Rigid,M1021 (Provisional),"Polyvinyl Chloride, Rigid","PVC, Rigid",PVC,52.1,,2960.0,85.5,2960.0,,
GEON® Rigid,M2110,"Polyvinyl Chloride, Rigid","PVC, Rigid",PVC-I,53.1,,2980.0,86.2,2820.0,,
GEON® Rigid,M2715,"Polyvinyl Chloride, Rigid","PVC, Rigid",PVC-I,48.9,,2830.0,86.2,2540.0,,
GEON® Rigid,M3400,"Polyvinyl Chloride, Rigid","PVC, Rigid",PVC-I,47.4,,2890.0,78.6,2620.0,,
GEON® Rigid,M3690,"Polyvinyl Chloride, Rigid","PVC, Rigid",PVC-I,40.7,,1900.0,57.9,2500.0,,
GEON® Rigid,M3800,"Polyvinyl Chloride, Rigid","PVC, Rigid",PVC-I,41.4,,2340.0,66.9,2280.0,,
GEON® Rigid,M3890,"Polyvinyl Chloride, Rigid","PVC, Rigid",PVC-I,43.4,,2420.0,68.9,2410.0,,
GEON® Rigid,M4810,"Polyvinyl Chloride, Rigid","PVC, Rigid",PVC-I,44.8,,2410.0,70.3,2410.0,,
GEON® Plus,L6121,"Polyvinyl Chloride, Rigid","PVC, Rigid",PVC,40.4,,5250.0,90.0,5680.0,,
GEON® Fiberloc™,80510,"Polyvinyl Chloride, Rigid","PVC, Rigid",PVC-GF10,62.1,,3790.0,103.0,4140.0,,
GEON® Fiberloc™,81530,"Polyvinyl Chloride, Rigid","PVC, Rigid",PVC-GF30,103.0,,9310.0,159.0,9650.0,,
GEON® Fiberloc™,82510,"Polyvinyl Chloride, Rigid","PVC, Rigid",PVC-GF10,62.1,,4480.0,103.0,4830.0,,
GEON® Fiberloc™,LS21110M,"Polyvinyl Chloride, Rigid","PVC, Rigid",PVC-GF10,55.2,,4140.0,82.7,4830.0,,
Guang Sung PVC,GPMD80,"Polyvinyl Chloride, Rigid","PVC, Rigid",PVC,,,2550.0,69.6,,,
Etinox®,EA-4130,"Polyvinyl Chloride, Rigid","PVC, Rigid",PVC,,,,,,,
Etinox®,EA-4160,"Polyvinyl Chloride, Rigid","PVC, Rigid",PVC,,,,,,,
Etinox®,EF-0131,"Polyvinyl Chloride, Rigid","PVC, Rigid",PVC,,,,,,,
Etinox®,EF-0200,"Polyvinyl Chloride, Rigid","PVC, Rigid",PVC,,,,,,,
Etinox®,ER-0000,"Polyvinyl Chloride, Rigid","PVC, Rigid",PVC,,,,,,,
Etinox®,ER-0110,"Polyvinyl Chloride, Rigid","PVC, Rigid",PVC,,,,,,,
Etinox®,ER-1735,"Polyvinyl Chloride, Rigid","PVC, Rigid",PVC,,,,,,,
Etinox®,ER-A221,"Polyvinyl Chloride, Rigid","PVC, Rigid",PVC,,,,,,,
Fainplast PVC,MRK 267,"Polyvinyl Chloride, Rigid","PVC, Rigid",PVC,,,,,,,
Fainplast PVC,RK 127,"Polyvinyl Chloride, Rigid","PVC, Rigid",PVC,44.0,,,,,,
Fainplast PVC,RK 324/4-UV,"Polyvinyl Chloride, Rigid","PVC, Rigid",PVC,39.0,,,,,,
Fainplast PVC,RK 735,"Polyvinyl Chloride, Rigid","PVC, Rigid",PVC,35.0,,,,,,
Fainplast PVC,RK 742,"Polyvinyl Chloride, Rigid","PVC, Rigid",PVC,38.0,,,,,,
Fainplast PVC,RKS 310/K1,"Polyvinyl Chloride, Rigid","PVC, Rigid",PVC,38.0,,,,,,
Fainplast PVC,RKS 814/W,"Polyvinyl Chloride, Rigid","PVC, Rigid",PVC,44.0,,,,,,
Fainplast PVC,RKS 913/W,"Polyvinyl Chloride, Rigid","PVC, Rigid",PVC,41.0,,,,,,
Fainplast PVC,RKS 915/B,"Polyvinyl Chloride, Rigid","PVC, Rigid",PVC,43.0,,,,,,
Fainplast PVC,RST 708/UV,"Polyvinyl Chloride, Rigid","PVC, Rigid",PVC,45.0,,,,,,
Formolon®,622,"Polyvinyl Chloride, Rigid","PVC, Rigid",PVC,,,,,,,
Formolon®,622E,"Polyvinyl Chloride, Rigid","PVC, Rigid",PVC,,,,,,,
AuroraTec™,RB5056UV Clear,"Polyvinyl Chloride, Rigid","PVC, Rigid",PVC-I,,,,76.0,2610.0,,
AuroraGuard™,AP2454B,"Polyvinyl Chloride, Rigid","PVC, Rigid",PVC,,,3470.0,89.6,3170.0,,
Unichem,3478-NAT000,"Polyvinyl Chloride, Rigid","PVC, Rigid",PVC,41.4,,2620.0,75.8,2480.0,,
Colorite Rigid PVC,1127A-012,"Polyvinyl Chloride, Rigid","PVC, Rigid",PVC,,,,,,,
Colorite Rigid PVC,2018,"Polyvinyl Chloride, Rigid","PVC, Rigid",PVC,,,,,,,
Colorite Rigid PVC,2102,"Polyvinyl Chloride, Rigid","PVC, Rigid",PVC,,,,,,,
Colorite Rigid PVC,2401,"Polyvinyl Chloride, Rigid","PVC, Rigid",PVC,,,,,,,
Colorite Rigid PVC,2600OCRCLR,"Polyvinyl Chloride, Rigid","PVC, Rigid",PVC,,,,,,,
Colorite Rigid PVC,2602F CLR,"Polyvinyl Chloride, Rigid","PVC, Rigid",PVC,,,,,,,
Sumikon® VM,3615G,"Polyvinyl Chloride, Rigid","PVC, Rigid",PVC,,,,,,,
VINIKA®,D2151A,"Polyvinyl Chloride, Rigid","PVC, Rigid",PVC,,,,,,,
VINIKA®,D6337,"Polyvinyl Chloride, Rigid","PVC, Rigid",PVC,,,,,,,
Small Boss,RPVC001,"Polyvinyl Chloride, Rigid","PVC, Rigid",PVC,,,,,,,
Small Boss,RPVC04,"Polyvinyl Chloride, Rigid","PVC, Rigid",PVC,,,,,,,
Westlake PVC,1230P,"Polyvinyl Chloride, Rigid","PVC, Rigid",PVC,,,,,,,
Westlake PVC,2512,"Polyvinyl Chloride, Rigid","PVC, Rigid",PVC,,,,,3280.0,,
Westlake PVC,3021,"Polyvinyl Chloride, Rigid","PVC, Rigid",PVC,41.4,199.0,,,2760.0,,
Westlake PVC,3240,"Polyvinyl Chloride, Rigid","PVC, Rigid",PVC,44.8,,2760.0,83.4,2620.0,,
Westlake PVC,3310,"Polyvinyl Chloride, Rigid","PVC, Rigid",PVC,,,,,3310.0,,
Westlake PVC,3401,"Polyvinyl Chloride, Rigid","PVC, Rigid",PVC,,,2580.0,77.9,2780.0,,
Westlake PVC,3533,"Polyvinyl Chloride, Rigid","PVC, Rigid",PVC,,,2760.0,68.9,2690.0,,
Westlake PVC,3803,"Polyvinyl Chloride, Rigid","PVC, Rigid",PVC,,,1030.0,24.5,1810.0,,
Westlake PVC,5006 Natural,"Polyvinyl Chloride, Rigid","PVC, Rigid",PVC,49.0,,3450.0,84.1,3100.0,,
Westlake PVC,5006 White,"Polyvinyl Chloride, Rigid","PVC, Rigid",PVC,49.0,,3450.0,84.1,3100.0,,
Westlake PVC,5055,"Polyvinyl Chloride, Rigid","PVC, Rigid",PVC,41.4,182.0,2790.0,75.8,2970.0,,
Westlake PVC,6325 GRAY 312,"Polyvinyl Chloride, Rigid","PVC, Rigid",PVC,44.1,,3520.0,79.3,3590.0,,
Westlake PVC,6511,"Polyvinyl Chloride, Rigid","PVC, Rigid",PVC,,,2590.0,75.8,2760.0,,
Westlake PVC,6680 White 476,"Polyvinyl Chloride, Rigid","PVC, Rigid",PVC,,,2140.0,65.5,2410.0,,
Westlake PVC,7045,"Polyvinyl Chloride, Rigid","PVC, Rigid",PVC,44.8,182.0,2760.0,86.2,2760.0,,
Westlake PVC,7407,"Polyvinyl Chloride, Rigid","PVC, Rigid",PVC,40.7,,2450.0,77.9,3090.0,,
Westlake PVC,7465CF,"Polyvinyl Chloride, Rigid","PVC, Rigid",PVC,41.0,,2720.0,76.0,2690.0,,
Westlake PVC,7533,"Polyvinyl Chloride, Rigid","PVC, Rigid",PVC,,,2760.0,68.9,2690.0,,
Westlake PVC,7555 Natural,"Polyvinyl Chloride, Rigid","PVC, Rigid",PVC,41.4,,2790.0,75.8,2970.0,,
Westlake PVC,7765,"Polyvinyl Chloride, Rigid","PVC, Rigid",PVC,40.7,,3020.0,73.1,3340.0,,
Westlake PVC,7801 White,"Polyvinyl Chloride, Rigid","PVC, Rigid",PVC,36.7,,1960.0,60.1,2000.0,,
Westlake PVC,8150 White 209,"Polyvinyl Chloride, Rigid","PVC, Rigid",PVC,,,2650.0,79.3,3580.0,,
Westlake PVC,8240,"Polyvinyl Chloride, Rigid","PVC, Rigid",PVC,,,3340.0,82.7,2760.0,,
Westlake PVC,8266 Natural 04,"Polyvinyl Chloride, Rigid","PVC, Rigid",PVC,,,2620.0,74.5,2830.0,,
Westlake PVC,8491,"Polyvinyl Chloride, Semi-Rigid","PVC, Semi-Rigid",PVC,,,,,,,
Westlake PVC,8607,"Polyvinyl Chloride, Rigid","PVC, Rigid",PVC,44.3,,1920.0,63.4,2590.0,,
Westlake PVC,9017 J Clear 06,"Polyvinyl Chloride, Rigid","PVC, Rigid",PVC,44.8,,,81.4,2550.0,,
Westlake PVC,9109J,"Polyvinyl Chloride, Rigid","PVC, Rigid",PVC,46.2,,2410.0,82.7,2480.0,,
Westlake PVC,9209,"Polyvinyl Chloride, Rigid","PVC, Rigid",PVC,,,,79.3,2690.0,,
Westlake PVC,9246,"Polyvinyl Chloride, Rigid","PVC, Rigid",PVC,40.7,,2170.0,65.5,2390.0,,
Westlake PVC,9275 J Amber 05,"Polyvinyl Chloride, Rigid","PVC, Rigid",PVC,47.6,,,89.6,2760.0,,
Westlake PVC,CL-6400,"Polyvinyl Chloride, Rigid","PVC, Rigid",PVC,44.8,,2410.0,75.8,2760.0,,
Westlake PVC,DL-5009,"Polyvinyl Chloride, Rigid","PVC, Rigid",PVC,49.0,199.0,2960.0,89.6,3100.0,,
Westlake PVC,FG-9275J,"Polyvinyl Chloride, Rigid","PVC, Rigid",PVC,48.0,,2140.0,90.0,2760.0,,
Westlake PVC,GP-9113,"Polyvinyl Chloride, Rigid","PVC, Rigid",PVC,41.0,,,76.0,2520.0,,
Westlake PVC,GP-9190,"Polyvinyl Chloride, Rigid","PVC, Rigid",PVC,,,,73.4,2990.0,,
Westlake PVC,HF-6597,"Polyvinyl Chloride, Rigid","PVC, Rigid",PVC,46.2,,2410.0,75.8,2410.0,,
Westlake PVC,HH-2000,"Polyvinyl Chloride, Rigid","PVC, Rigid",PVC,,,2410.0,75.8,2620.0,,
Westlake PVC,HHP-190 (6190),"Polyvinyl Chloride, Rigid","PVC, Rigid",PVC,,,2410.0,76.5,2410.0,,
Westlake PVC,SP-7008,"Polyvinyl Chloride, Rigid","PVC, Rigid",PVC,,,2340.0,68.9,2480.0,,
Westlake PVC,UV-6670,"Polyvinyl Chloride, Rigid","PVC, Rigid",PVC,,,2340.0,68.9,2550.0,,
Suprel® SVA,9420,"Polyvinyl Chloride, Rigid","PVC, Rigid",PVC,27.6,,1520.0,40.0,1570.0,,
ProTherm®,4300E CPVC,"Polyvinyl Chloride, Rigid","PVC, Rigid",PVC,,,,,2620.0,,
polyvic®,IM-1208-GL 06,"Polyvinyl Chloride, Semi-Rigid","PVC, Semi-Rigid",PVC,,,,,,,
EVICOM™,RG7/561,"Polyvinyl Chloride, Rigid","PVC, Rigid",PVC,,,,,2.8,,
EVICOM™,RI5/011,"Polyvinyl Chloride, Rigid","PVC, Rigid",PVC,,,,,2.8,,
EVICOM™,RI5/020,"Polyvinyl Chloride, Rigid","PVC, Rigid",PVC,,,,,2.8,,
K-Bin Rigid PVC,KB-5013,"Polyvinyl Chloride, Rigid","PVC, Rigid",PVC,43.8,,2590.0,66.2,3450.0,,
K-Bin Rigid PVC,KBD-3008,"Polyvinyl Chloride, Rigid","PVC, Rigid",PVC,51.7,,2630.0,81.4,2620.0,,
K-Bin Rigid PVC,KBD-4030,"Polyvinyl Chloride, Rigid","PVC, Rigid",PVC,49.0,,,96.5,2960.0,,
Trovidur®,EC Clad LS,"Polyvinyl Chloride, Rigid","PVC, Rigid",PVC,50.0,,,,2700.0,,
Rimtec PVC,3257 UV NATURAL,"Polyvinyl Chloride, Semi-Rigid","PVC, Semi-Rigid",PVC,,,,,,,
Rimtec PVC,3257-1,"Polyvinyl Chloride, Semi-Rigid","PVC, Semi-Rigid",PVC-P,,,,,,,
Rimtec PVC,4110A N CLEAR,"Polyvinyl Chloride, Rigid","PVC, Rigid",PVC,37.2,,2340.0,,2210.0,,
Rimtec PVC,4314-1N NAT,"Polyvinyl Chloride, Rigid","PVC, Rigid",PVC,41.4,,3100.0,,2480.0,,
Prime,2070,"Polyvinyl Chloride, Rigid","PVC, Rigid",PVC,52.4,,2620.0,,2550.0,,
Prime,2150,"Polyvinyl Chloride, Rigid","PVC, Rigid",PVC,44.1,,2760.0,,3000.0,,
Prime,2150 NT,"Polyvinyl Chloride, Rigid","PVC, Rigid",PVC,44.1,,2760.0,,3000.0,,
Prime,3590 WH,"Polyvinyl Chloride, Rigid","PVC, Rigid",PVC,42.7,,2620.0,,2830.0,,
Prime,4200 NL,"Polyvinyl Chloride, Rigid","PVC, Rigid",PVC,45.5,,3280.0,,2830.0,,
Prime,4601,"Polyvinyl Chloride, Rigid","PVC, Rigid",PVC,46.9,,2690.0,,2930.0,,
Prime,6010 WHT,"Polyvinyl Chloride, Rigid","PVC, Rigid",PVC,44.8,,2930.0,,2620.0,,
Prime,6600 NAT,"Polyvinyl Chloride, Rigid","PVC, Rigid",PVC,45.9,,2620.0,,2760.0,,
ALPHAMED,2212/7-118,"Polyvinyl Chloride, Rigid","PVC, Rigid",PVC,,,,,,,
Auroralite™,RR 7303 FJ9,"Polyvinyl Chloride, Rigid","PVC, Rigid",PVC,,,,,2000.0,,
Auroralite™,RR 7303 NJ1 NATURAL,"Polyvinyl Chloride, Rigid","PVC, Rigid",PVC,,,,,1590.0,,
AuroraTec™,RB 5051 B CLEAR,"Polyvinyl Chloride, Rigid","PVC, Rigid",PVC-I,,,2620.0,76.0,2690.0,,
AuroraTec™,RR 7803 U2,"Polyvinyl Chloride, Rigid","PVC, Rigid",PVC,,,2620.0,69.0,2550.0,,
Boltaron,4355 Clear,"Polyvinyl Chloride, Rigid","PVC, Rigid",PVC,59.0,,3330.0,102.0,3080.0,,
GEON® Rigid,6100 Natural,"Polyvinyl Chloride, Rigid","PVC, Rigid",PVC-I,41.4,,,,,,
Trovidur®,EC N green,"Polyvinyl Chloride, Rigid","PVC, Rigid",PVC,55.0,,,80.0,3000.0,,
Trovidur®,EC N orange,"Polyvinyl Chloride, Rigid","PVC, Rigid",PVC,55.0,,,80.0,3000.0,,
Trovidur®,ESA-D white,"Polyvinyl Chloride, Rigid","PVC, Rigid",PVC,45.0,,,60.0,2500.0,,
Trovidur®,PN grey,"Polyvinyl Chloride, Rigid","PVC, Rigid",PVC,56.0,,,80.0,3000.0,,
Sinvicomp,SRF9713LT3,"Polyvinyl Chloride, Rigid","PVC, Rigid",PVC,38.0,,,,,,3.0
Vital-Line,SHM0307G3,"Polyvinyl Chloride, Rigid","PVC, Rigid",PVC-P,,,,,,,
Sylvin,5200-83C Natural,"Polyvinyl Chloride, Semi-Rigid","PVC, Semi-Rigid",PVC,,177.0,,,,,
Sylvin,83047-95 Natural,"Polyvinyl Chloride, Semi-Rigid","PVC, Semi-Rigid",PVC,,174.0,,,,,
Sylvin,8330-65D Natural,"Polyvinyl Chloride, Rigid","PVC, Rigid",PVC,,177.0,,,,,
Sylvin,8358-88C Natural,"Polyvinyl Chloride, Semi-Rigid","PVC, Semi-Rigid",PVC,,182.0,,,,,
Sylvin,8361-95 Natural,"Polyvinyl Chloride, Rigid","PVC, Rigid",PVC,,174.0,,,,,
Sylvin,8363-88C Natural,"Polyvinyl Chloride, Semi-Rigid","PVC, Semi-Rigid",PVC,,182.0,,,,,
Sylvin,8368-70DUV Black,"Polyvinyl Chloride, Semi-Rigid","PVC, Semi-Rigid",PVC,,177.0,,,,,
Sylvin,8384-60DUV Natural,"Polyvinyl Chloride, Rigid","PVC, Rigid",PVC,,177.0,,,,,
Sylvin,8773-60D Brown 7361,"Polyvinyl Chloride, Rigid","PVC, Rigid",PVC,,177.0,,,,,
Sylvin,8773-60D Brown 7377,"Polyvinyl Chloride, Rigid","PVC, Rigid",PVC,,177.0,,,,,
Sylvin,8773-60D Grey 9504,"Polyvinyl Chloride, Rigid","PVC, Rigid",PVC,,177.0,,,,,
Sylvin,8773-60D Natural,"Polyvinyl Chloride, Rigid","PVC, Rigid",PVC,,177.0,,,,,
Sylvin,8773-60D Red 6240,"Polyvinyl Chloride, Rigid","PVC, Rigid",PVC,,177.0,,,,,
Sylvin,8773-60D White 1406,"Polyvinyl Chloride, Rigid","PVC, Rigid",PVC,,177.0,,,,,
Sylvin,8857-60D Green 3176,"Polyvinyl Chloride, Rigid","PVC, Rigid",PVC,,177.0,,,,,
Vital-Line,SHM0407G1,"Polyvinyl Chloride, Rigid","PVC, Rigid",PVC,,,,,,,
Sinvicomp,DBS3613,"Polyvinyl Chloride, Rigid","PVC, Rigid",PVC,46.1,,,,,,
Sinvicomp,SBB3616,"Polyvinyl Chloride, Rigid","PVC, Rigid",PVC,43.1,,,,,,
Sinvicomp,SBB3710,"Polyvinyl Chloride, Rigid","PVC, Rigid",PVC,44.1,,,,,,
Sinvicomp,SBB3713,"Polyvinyl Chloride, Rigid","PVC, Rigid",PVC,43.6,,,,,,
Sinvicomp,SBB3715,"Polyvinyl Chloride, Rigid","PVC, Rigid",PVC,40.2,,,,,,
Sinvicomp,SBF3758,"Polyvinyl Chloride, Rigid","PVC, Rigid",PVC,43.1,,,,,,
Sinvicomp,SIC3702,"Polyvinyl Chloride, Semi-Rigid","PVC, Semi-Rigid",PVC,34.3,,,,,,
Sinvicomp,SIC3704,"Polyvinyl Chloride, Rigid","PVC, Rigid",PVC,45.1,,,,,,
Sinvicomp,SIC3711,"Polyvinyl Chloride, Rigid","PVC, Rigid",PVC,44.1,,,,,,
Sinvicomp,SRF2703,"Polyvinyl Chloride, Rigid","PVC, Rigid",PVC,40.0,,,,,,
Sinvicomp,SRF2704,"Polyvinyl Chloride, Rigid","PVC, Rigid",PVC,45.1,,,,,,
Sinvicomp,SRF3604,"Polyvinyl Chloride, Rigid","PVC, Rigid",PVC,44.1,,,,,,
Sinvicomp,SRF3705P,"Polyvinyl Chloride, Rigid","PVC, Rigid",PVC,,,,,,,
Sinvicomp,SRF3705B,"Polyvinyl Chloride, Rigid","PVC, Rigid",PVC,50.0,,,,,,
Sinvicomp,SRF3705E,"Polyvinyl Chloride, Rigid","PVC, Rigid",PVC,50.0,,,,,,
Sinvicomp,SRF3707L,"Polyvinyl Chloride, Rigid","PVC, Rigid",PVC,49.0,,,,,,
Sinvicomp,SRF3834,"Polyvinyl Chloride, Rigid","PVC, Rigid",PVC,48.0,,,,,,10.0
Sinvicomp,SRF9702,"Polyvinyl Chloride, Rigid","PVC, Rigid",PVC,57.9,,,,,,13.0
Sinvicomp,SRP 2002,"Polyvinyl Chloride, Rigid","PVC, Rigid",PVC,42.0,,,,,,
Sinvicomp,SRT3707UV,"Polyvinyl Chloride, Rigid","PVC, Rigid",PVC,46.0,,,,,,
Sinvicomp,SRT3737UV,"Polyvinyl Chloride, Rigid","PVC, Rigid",PVC,47.0,,,,,,
APEX®,01-A0144H-101,"Polyvinyl Chloride, Semi-Rigid","PVC, Semi-Rigid",PVC,,,,,,,
APEX®,80862,"Polyvinyl Chloride, Semi-Rigid","PVC, Semi-Rigid",PVC,,,,,,,
APEX®,80862-F,"Polyvinyl Chloride, Semi-Rigid","PVC, Semi-Rigid",PVC,,,,,,,
APEX®,89-P144G3,"Polyvinyl Chloride, Semi-Rigid","PVC, Semi-Rigid",PVC,,,,,,,
APEX®,RE 8103 NT,"Polyvinyl Chloride, Rigid","PVC, Rigid",PVC,,,2420.0,,2500.0,,
APEX®,RE 8117A UV,"Polyvinyl Chloride, Rigid","PVC, Rigid",PVC,,,2520.0,,2650.0,,
APEX®,RE 8211,"Polyvinyl Chloride, Rigid","PVC, Rigid",PVC,,,3240.0,,3060.0,,
APEX®,RE 9002,"Polyvinyl Chloride, Rigid","PVC, Rigid",PVC,,,2830.0,,3910.0,,
APEX®,RE 9018,"Polyvinyl Chloride, Rigid","PVC, Rigid",PVC,,,2620.0,,2600.0,,
APEX®,RE 9218A UV,"Polyvinyl Chloride, Rigid","PVC, Rigid",PVC,,,,,,,
APEX®,RE 9218B NT,"Polyvinyl Chloride, Rigid","PVC, Rigid",PVC,,,2760.0,,2760.0,,
APEX®,RM 8004,"Polyvinyl Chloride, Rigid","PVC, Rigid",PVC,,,2890.0,,2810.0,,
APEX®,RM 8114 UV,"Polyvinyl Chloride, Rigid","PVC, Rigid",PVC,,,2450.0,,2480.0,,
APEX®,RM 8118C NT,"Polyvinyl Chloride, Rigid","PVC, Rigid",PVC,,,2620.0,,2410.0,,
GEON® Rigid,1699,"Polyvinyl Chloride, Rigid","PVC, Rigid",PVC-I,42.1,,2460.0,65.8,2240.0,,
GEON® Rigid,210A White 271(HS),"Polyvinyl Chloride, Rigid","PVC, Rigid",PVC,48.6,,3020.0,82.0,2810.0,,
GEON® Rigid,2199,"Polyvinyl Chloride, Rigid","PVC, Rigid",PVC-I,42.7,,2390.0,75.2,2210.0,,
GEON® Rigid,2710,"Polyvinyl Chloride, Rigid","PVC, Rigid",PVC-I,48.5,,2800.0,82.7,2530.0,,
GEON® Rigid,6603 (f1),"Polyvinyl Chloride, Rigid","PVC, Rigid",PVC-I,,,2900.0,81.4,2760.0,,
GEON® Rigid,84110,"Polyvinyl Chloride, Rigid","PVC, Rigid",PVC,51.2,,2830.0,86.2,2770.0,,
GEON® Rigid,87402,"Polyvinyl Chloride, Rigid","PVC, Rigid",PVC-I,47.6,,2480.0,75.8,2620.0,,
GEON® Rigid,87554E,"Polyvinyl Chloride, Rigid","PVC, Rigid",PVC-I,44.7,,2720.0,80.7,2600.0,,
GEON® Rigid,87570,"Polyvinyl Chloride, Rigid","PVC, Rigid",PVC,42.2,,3190.0,77.2,3360.0,,
GEON® Rigid,87727,"Polyvinyl Chloride, Rigid","PVC, Rigid",PVC,56.9,,2920.0,93.5,2870.0,,
GEON® Rigid,E7000,"Polyvinyl Chloride, Rigid","PVC, Rigid",PVC-I,45.0,,2780.0,82.0,2650.0,,
GEON® Rigid,E7506,"Polyvinyl Chloride, Rigid","PVC, Rigid",PVC-I,43.4,,3150.0,84.3,2920.0,,
GEON® Rigid,L0313,"Polyvinyl Chloride, Rigid","PVC, Rigid",PVC,46.7,,2960.0,89.7,2600.0,,
GEON® Rigid,L0660,"Polyvinyl Chloride, Rigid","PVC, Rigid",PVC,38.5,,3040.0,73.1,3100.0,,
GEON® Rigid,L6180,"Polyvinyl Chloride, Rigid","PVC, Rigid",PVC,52.7,,2740.0,92.5,2680.0,,
GEON® Rigid,L7005,"Polyvinyl Chloride, Rigid","PVC, Rigid",PVC,43.2,,2960.0,84.8,2850.0,,
GEON® Rigid,L7100,"Polyvinyl Chloride, Rigid","PVC, Rigid",PVC-I,44.6,,3170.0,81.3,2780.0,,
GEON® Rigid,L7416,"Polyvinyl Chloride, Rigid","PVC, Rigid",PVC-I,44.1,,2960.0,84.8,2480.0,,
GEON® Rigid,L7755,"Polyvinyl Chloride, Rigid","PVC, Rigid",PVC-I,43.4,,3010.0,79.4,2920.0,,
GEON® Rigid,L7801,"Polyvinyl Chloride, Rigid","PVC, Rigid",PVC-I,41.3,,2960.0,84.8,2900.0,,
GEON® Rigid,L9620,"Polyvinyl Chloride, Rigid","PVC, Rigid",PVC,44.6,,2520.0,74.6,2560.0,,
GEON® Rigid,LP7100,"Polyvinyl Chloride, Rigid","PVC, Rigid",PVC-I,45.0,,3160.0,82.7,2780.0,,
GEON® Rigid,LS11000M,"Polyvinyl Chloride, Rigid","PVC, Rigid",PVC-I,41.4,,2340.0,66.9,2280.0,,
GEON® Rigid,M1015,"Polyvinyl Chloride, Rigid","PVC, Rigid",PVC,52.4,,2960.0,85.5,2960.0,,
GEON® Rigid,M1150,"Polyvinyl Chloride, Rigid","PVC, Rigid",PVC,49.8,,,,2760.0,,
GEON® Rigid,M3000,"Polyvinyl Chloride, Rigid","PVC, Rigid",PVC,51.0,,3100.0,91.7,3100.0,,
GEON® Rigid,M3500,"Polyvinyl Chloride, Rigid","PVC, Rigid",PVC-I,46.2,,2480.0,71.0,2550.0,,
GEON® Rigid,M3815,"Polyvinyl Chloride, Rigid","PVC, Rigid",PVC-I,41.4,,2340.0,65.5,2340.0,,
GEON® Rigid,M3850,"Polyvinyl Chloride, Rigid","PVC, Rigid",PVC-I,43.4,,2340.0,66.9,2280.0,,
GEON® Rigid,M4110,"Polyvinyl Chloride, Rigid","PVC, Rigid",PVC-I,53.1,,2830.0,86.2,2830.0,,
GEON® Rigid,M4300,"Polyvinyl Chloride, Rigid","PVC, Rigid",PVC-I,54.5,,2760.0,79.3,2830.0,,
GEON® Rigid,M4301 Trans,"Polyvinyl Chloride, Rigid","PVC, Rigid",PVC-I,56.0,,2960.0,87.3,2630.0,,
GEON® Rigid,M4600,"Polyvinyl Chloride, Rigid","PVC, Rigid",PVC-I,55.2,,3030.0,89.6,3170.0,,
GEON® Rigid,M4605,"Polyvinyl Chloride, Rigid","PVC, Rigid",PVC,55.2,,3030.0,89.6,3170.0,,
GEON® Rigid,M4820,"Polyvinyl Chloride, Rigid","PVC, Rigid",PVC-I,44.8,,2410.0,68.9,2410.0,,
GEON® Rigid,M5100,"Polyvinyl Chloride, Rigid","PVC, Rigid",PVC,50.3,,2760.0,82.0,2960.0,,
GEON® Rigid,M5105,"Polyvinyl Chloride, Rigid","PVC, Rigid",PVC,50.3,,2760.0,82.0,2960.0,,
GEON® Rigid,M5241,"Polyvinyl Chloride, Rigid","PVC, Rigid",PVC-I,42.7,,2410.0,71.0,2340.0,,
GEON® Rigid,MP398,"Polyvinyl Chloride, Rigid","PVC, Rigid",PVC-I,43.4,,2480.0,71.0,2380.0,,
GEON® Rigid,MP412,"Polyvinyl Chloride, Rigid","PVC, Rigid",PVC-I,47.6,,2480.0,75.8,2620.0,,
GEON® Plus,L6122,"Polyvinyl Chloride, Rigid","PVC, Rigid",PVC,40.4,,5250.0,90.0,5680.0,,
GEON® Plus,M7120,"Polyvinyl Chloride, Rigid","PVC, Rigid",PVC-I,47.6,,2920.0,80.7,2530.0,,
GEON® Lite,E2507,"Polyvinyl Chloride, Rigid","PVC, Rigid",PVC,51.6,,3420.0,96.8,3380.0,,
GEON® Lite,E8202,"Polyvinyl Chloride, Rigid","PVC, Rigid",PVC,,,1810.0,33.0,1260.0,,
GEON® Flex,A6DU65,"Polyvinyl Chloride, Semi-Rigid","PVC, Semi-Rigid",PVC,,,,,,,
GEON® Fiberloc™,80530,"Polyvinyl Chloride, Rigid","PVC, Rigid",PVC-GF30,86.2,,7930.0,145.0,8620.0,,
GEON® Fiberloc™,81520,"Polyvinyl Chloride, Rigid","PVC, Rigid",PVC-GF20,96.5,,6890.0,138.0,7580.0,,
GEON® Duracap™,L4605 Green 5765,"Polyvinyl Chloride, Semi-Rigid","PVC, Semi-Rigid",PVC,31.2,,1910.0,,1930.0,,
GEON® Duracap™,L4605 Red 7640,"Polyvinyl Chloride, Semi-Rigid","PVC, Semi-Rigid",PVC,23.8,,1730.0,,1820.0,,
Etinox®,EA-4125,"Polyvinyl Chloride, Rigid","PVC, Rigid",PVC,,,,,,,
Etinox®,EA-4210,"Polyvinyl Chloride, Rigid","PVC, Rigid",PVC,,,,,,,
Etinox®,EA-4310,"Polyvinyl Chloride, Rigid","PVC, Rigid",PVC,,,,,,,
Etinox®,EF-0127,"Polyvinyl Chloride, Rigid","PVC, Rigid",PVC,,,,,,,
Etinox®,EF-0400,"Polyvinyl Chloride, Rigid","PVC, Rigid",PVC,,,,,,,
Etinox®,ER-1130,"Polyvinyl Chloride, Rigid","PVC, Rigid",PVC,,,,,,,
Etinox®,ER-B310,"Polyvinyl Chloride, Rigid","PVC, Rigid",PVC,,,,,,,
Etinox®,ER-C130,"Polyvinyl Chloride, Rigid","PVC, Rigid",PVC,,,,,,,
Fainplast PVC,RK 222,"Polyvinyl Chloride, Rigid","PVC, Rigid",PVC,44.0,,,,,,
Fainplast PVC,RK 432,"Polyvinyl Chloride, Rigid","PVC, Rigid",PVC,40.0,,,,,,
Fainplast PVC,RK 817,"Polyvinyl Chloride, Rigid","PVC, Rigid",PVC,39.0,,,,,,
AuroraFlex™,G-4270D,"Polyvinyl Chloride, Semi-Rigid","PVC, Semi-Rigid",PVC,,,,,,,
Unichem,1104-03,"Polyvinyl Chloride, Rigid","PVC, Rigid",PVC,38.7,,,,,,1.4
Unichem,9732NC-BLACK-55,"Polyvinyl Chloride, Rigid","PVC, Rigid",PVC,21.7,,,,20.3,,
Dugdale PVC,Lead Free Purge Compound,"Polyvinyl Chloride, Rigid","PVC, Rigid",PVC-L,,,,,,,
Dugdale PVC,Rigid Clear Extrusion - Blue Tint Compound,"Polyvinyl Chloride, Rigid","PVC, Rigid",PVC,,,,,,,
Dugdale PVC,Rigid Injection Molding Compound,"Polyvinyl Chloride, Rigid","PVC, Rigid",PVC,,,,,,,
Colorite Rigid PVC,2502,"Polyvinyl Chloride, Rigid","PVC, Rigid",PVC,,,,,,,
Colorite Rigid PVC,2503,"Polyvinyl Chloride, Rigid","PVC, Rigid",PVC,,,,,,,
Lucky PVC,Recycle 30,"Polyvinyl Chloride, Rigid","PVC, Rigid",PVC,,,,,,,
Lucky PVC,Recycle 50,"Polyvinyl Chloride, Rigid","PVC, Rigid",PVC,,,,,,,
VINIKA®,D3058,"Polyvinyl Chloride, Rigid","PVC, Rigid",PVC,,,,,,,
Small Boss,RPVC002,"Polyvinyl Chloride, Rigid","PVC, Rigid",PVC,,,,,,,
Small Boss,RPVC02,"Polyvinyl Chloride, Rigid","PVC, Rigid",PVC,,,,,,,
Small Boss,RPVC03,"Polyvinyl Chloride, Rigid","PVC, Rigid",PVC,,,,,,,
Small Boss,RPVC05,"Polyvinyl Chloride, Rigid","PVC, Rigid",PVC,,,,,,,
Westlake PVC,1230S,"Polyvinyl Chloride, Rigid","PVC, Rigid",PVC,,,,,,,
Westlake PVC,2503,"Polyvinyl Chloride, Rigid","PVC, Rigid",PVC,,,2340.0,68.9,2830.0,,
Westlake PVC,3014,"Polyvinyl Chloride, Rigid","PVC, Rigid",PVC,48.3,,3100.0,82.7,2620.0,,
Westlake PVC,3152,"Polyvinyl Chloride, Rigid","PVC, Rigid",PVC,,,2580.0,77.9,2780.0,,
Westlake PVC,3842,"Polyvinyl Chloride, Rigid","PVC, Rigid",PVC,,,1380.0,20.7,1900.0,,
Westlake PVC,5034,"Polyvinyl Chloride, Rigid","PVC, Rigid",PVC,48.0,,3100.0,83.0,2760.0,,
Westlake PVC,5409,"Polyvinyl Chloride, Rigid","PVC, Rigid",PVC,49.0,,3310.0,81.0,3310.0,,
Westlake PVC,6400,"Polyvinyl Chloride, Rigid","PVC, Rigid",PVC,45.0,,2410.0,76.0,2760.0,,
Westlake PVC,7048A,"Polyvinyl Chloride, Rigid","PVC, Rigid",PVC,,,2620.0,77.2,2860.0,,
Westlake PVC,7055,"Polyvinyl Chloride, Rigid","PVC, Rigid",PVC,41.4,,2730.0,75.8,2580.0,,
Westlake PVC,7055 White,"Polyvinyl Chloride, Rigid","PVC, Rigid",PVC,,,2730.0,75.8,2730.0,,
Westlake PVC,7155,"Polyvinyl Chloride, Rigid","PVC, Rigid",PVC,41.4,182.0,2720.0,75.8,2590.0,,
Westlake PVC,7170,"Polyvinyl Chloride, Rigid","PVC, Rigid",PVC,,,,,,,
Westlake PVC,7427,"Polyvinyl Chloride, Rigid","PVC, Rigid",PVC,41.0,177.0,3000.0,94.0,2830.0,,
Westlake PVC,7801,"Polyvinyl Chloride, Rigid","PVC, Rigid",PVC,,,1960.0,60.0,2000.0,,
Westlake PVC,8132,"Polyvinyl Chloride, Rigid","PVC, Rigid",PVC,46.2,188.0,2410.0,78.5,2450.0,,
Westlake PVC,8150 Natural 00,"Polyvinyl Chloride, Rigid","PVC, Rigid",PVC,,,2680.0,80.5,3320.0,,
Westlake PVC,8150 White 119,"Polyvinyl Chloride, Rigid","PVC, Rigid",PVC,,,2690.0,80.2,3780.0,,
Westlake PVC,8150 White 91,"Polyvinyl Chloride, Rigid","PVC, Rigid",PVC,,,2650.0,79.0,3580.0,,
Westlake PVC,8245,"Polyvinyl Chloride, Rigid","PVC, Rigid",PVC,44.8,,2620.0,74.5,2830.0,,
Westlake PVC,8247,"Polyvinyl Chloride, Rigid","PVC, Rigid",PVC,,,2620.0,81.4,2620.0,,
Westlake PVC,8266 Natural,"Polyvinyl Chloride, Rigid","PVC, Rigid",PVC,,,2610.0,74.5,2830.0,,
Westlake PVC,8563,"Polyvinyl Chloride, Semi-Rigid","PVC, Semi-Rigid",PVC,,,,,,,
Westlake PVC,8959,"Polyvinyl Chloride, Semi-Rigid","PVC, Semi-Rigid",PVC,,,,,14.4,,
Westlake PVC,9113 White 02,"Polyvinyl Chloride, Rigid","PVC, Rigid",PVC,42.1,,,75.8,2480.0,,
Westlake PVC,9113J Clear 13,"Polyvinyl Chloride, Rigid","PVC, Rigid",PVC,41.4,,,75.8,2520.0,,
Westlake PVC,9153,"Polyvinyl Chloride, Rigid","PVC, Rigid",PVC,42.7,,,,2590.0,,
Westlake PVC,9175 White 10,"Polyvinyl Chloride, Rigid","PVC, Rigid",PVC,50.3,,,89.6,2860.0,,
Westlake PVC,9190,"Polyvinyl Chloride, Rigid","PVC, Rigid",PVC,44.0,,,73.4,2990.0,,
Westlake PVC,9210,"Polyvinyl Chloride, Rigid","PVC, Rigid",PVC,46.2,,2490.0,84.1,3100.0,,
Westlake PVC,9211,"Polyvinyl Chloride, Rigid","PVC, Rigid",PVC,46.9,,,75.8,2650.0,,
Westlake PVC,CL-6380J,"Polyvinyl Chloride, Rigid","PVC, Rigid",PVC,49.6,199.0,2960.0,89.6,2760.0,,
Westlake PVC,FG-9246,"Polyvinyl Chloride, Rigid","PVC, Rigid",PVC,41.0,,,66.0,2390.0,,
Westlake PVC,HH-6730,"Polyvinyl Chloride, Rigid","PVC, Rigid",PVC,44.1,,2340.0,68.9,2480.0,,
Westlake PVC,HHW-191,"Polyvinyl Chloride, Rigid","PVC, Rigid",PVC,46.2,,2410.0,75.8,2410.0,,
Westlake PVC,MD-5009,"Polyvinyl Chloride, Rigid","PVC, Rigid",PVC,,,2960.0,89.6,2900.0,,
Westlake PVC,SP-5034,"Polyvinyl Chloride, Rigid","PVC, Rigid",PVC,48.3,,3100.0,82.7,2760.0,,
Westlake PVC,SP-6560,"Polyvinyl Chloride, Rigid","PVC, Rigid",PVC,41.4,,2620.0,75.8,2550.0,,
Westlake PVC,SP-7221,"Polyvinyl Chloride, Rigid","PVC, Rigid",PVC,42.7,,2590.0,68.9,2410.0,,
Westlake PVC,UV-6676,"Polyvinyl Chloride, Rigid","PVC, Rigid",PVC,,,2280.0,65.5,2210.0,,
Westlake PVC,UV-7160,"Polyvinyl Chloride, Rigid","PVC, Rigid",PVC,41.4,,2590.0,75.8,2410.0,,
Suprel® SVA,9301,"Polyvinyl Chloride, Rigid","PVC, Rigid",PVC,,,2280.0,62.7,2610.0,,
Hy-Vin®,VM50309,"Polyvinyl Chloride, Rigid","PVC, Rigid",PVC,38.0,,,,,,
Hy-Vin®,XL81386,"Polyvinyl Chloride, Rigid","PVC, Rigid",PVC-P,40.0,,,,,,
EVICOM™,RC7/791,"Polyvinyl Chloride, Rigid","PVC, Rigid",PVC-I,,,,,2.8,,
K-Bin Rigid PVC,KB-2000,"Polyvinyl Chloride, Rigid","PVC, Rigid",PVC,54.1,,3030.0,96.5,3100.0,,
K-Bin Rigid PVC,KB-5006,"Polyvinyl Chloride, Rigid","PVC, Rigid",PVC,45.9,,2550.0,71.4,2530.0,,
K-Bin Rigid PVC,KB-7101,"Polyvinyl Chloride, Rigid","PVC, Rigid",PVC,46.7,,,,3030.0,,
K-Bin Rigid PVC,KBD-1000,"Polyvinyl Chloride, Rigid","PVC, Rigid",PVC,38.4,,2840.0,63.1,,,
Trovidur®,EC-N,"Polyvinyl Chloride, Rigid","PVC, Rigid",PVC,55.0,,,80.0,3000.0,,
Roscom PVC,618DR-100 Natural D58,"Polyvinyl Chloride, Semi-Rigid","PVC, Semi-Rigid",PVC-L,,,,,,,
Prime,2120 CLR,"Polyvinyl Chloride, Rigid","PVC, Rigid",PVC,49.0,,2620.0,,2900.0,,
Prime,3150,"Polyvinyl Chloride, Rigid","PVC, Rigid",PVC,42.1,,2830.0,,2960.0,,
Prime,3590,"Polyvinyl Chloride, Rigid","PVC, Rigid",PVC,42.7,,2620.0,,2830.0,,
Prime,4070,"Polyvinyl Chloride, Rigid","PVC, Rigid",PVC,41.4,,2550.0,,2690.0,,
Prime,4070 TRNS,"Polyvinyl Chloride, Rigid","PVC, Rigid",PVC,41.4,,2550.0,,2690.0,,
Prime,4240,"Polyvinyl Chloride, Rigid","PVC, Rigid",PVC,46.9,,2830.0,,2830.0,,
Prime,5601,"Polyvinyl Chloride, Rigid","PVC, Rigid",PVC,43.4,,2830.0,,2690.0,,
Prime,6010,"Polyvinyl Chloride, Rigid","PVC, Rigid",PVC,44.1,,2690.0,,2830.0,,
ALPHAMED,2212C2B/H-118,"Polyvinyl Chloride, Rigid","PVC, Rigid",PVC,,,2420.0,,,,
ALPHAMED,2212RHT/1-118 CLEAR 080X,"Polyvinyl Chloride, Rigid","PVC, Rigid",PVC,,,2650.0,,1830.0,,13.0
AuroraFlex™,G-4257D,"Polyvinyl Chloride, Semi-Rigid","PVC, Semi-Rigid",PVC-P,,,,,,,10.0
AuroraTec™,RB 5051 FGS CLEAR,"Polyvinyl Chloride, Rigid","PVC, Rigid",PVC-I,,,2620.0,76.0,2690.0,,
AuroraTec™,RB 5055 UV FDA CLEAR,"Polyvinyl Chloride, Rigid","PVC, Rigid",PVC-I,,,,76.0,2610.0,,
AuroraTec™,RR 5053 UV,"Polyvinyl Chloride, Rigid","PVC, Rigid",PVC-I,,,2690.0,79.0,2730.0,,
AuroraTec™,RR 5053 UV2,"Polyvinyl Chloride, Rigid","PVC, Rigid",PVC-I,,,2760.0,79.0,2650.0,,
AuroraTec™,RR 7800 MC WHITE,"Polyvinyl Chloride, Rigid","PVC, Rigid",PVC,,,2550.0,69.0,2620.0,,
Boltaron,4430 Opal,"Polyvinyl Chloride, Rigid","PVC, Rigid",PVC,48.0,,3090.0,74.0,,,
Trovidur®,NL red,"Polyvinyl Chloride, Rigid","PVC, Rigid",PVC,62.0,,,80.0,3000.0,,
Weatherguard®,8303 HG,"Polyvinyl Chloride, Rigid","PVC, Rigid",PVC,,,,,,,12.0
Sylvin,83050-70D Natural,"Polyvinyl Chloride, Semi-Rigid","PVC, Semi-Rigid",PVC,,177.0,,,,,
Sylvin,8392-55D Natural,"Polyvinyl Chloride, Rigid","PVC, Rigid",PVC,,177.0,,,,,
Sylvin,8773-60D Black 281,"Polyvinyl Chloride, Rigid","PVC, Rigid",PVC,,177.0,,,,,
Sylvin,8773-60D Brown 7383,"Polyvinyl Chloride, Rigid","PVC, Rigid",PVC,,177.0,,,,,
Sylvin,8773-60D Grey 9506,"Polyvinyl Chloride, Rigid","PVC, Rigid",PVC,,177.0,,,,,
Sylvin,8773-60D Grey 9508,"Polyvinyl Chloride, Rigid","PVC, Rigid",PVC,,177.0,,,,,
Sylvin,8773-60D Red 6235,"Polyvinyl Chloride, Rigid","PVC, Rigid",PVC,,177.0,,,,,
Sylvin,8773-60D White 1403,"Polyvinyl Chloride, Rigid","PVC, Rigid",PVC,,177.0,,,,,
Sylvin,8773-60D White 1430,"Polyvinyl Chloride, Rigid","PVC, Rigid",PVC,,177.0,,,,,
Sylvin,8808-70D Black,"Polyvinyl Chloride, Rigid","PVC, Rigid",PVC,,177.0,,,,,
Sylvin,8842A Natural,"Polyvinyl Chloride, Semi-Rigid","PVC, Semi-Rigid",PVC,,182.0,,,,,
Sylvin,8857-60D Natural,"Polyvinyl Chloride, Rigid","PVC, Rigid",PVC,,177.0,,,,,
Sylvin,8864-70D Natural,"Polyvinyl Chloride, Rigid","PVC, Rigid",PVC,,177.0,,,,,
Sylvin,8864-70D White 1445,"Polyvinyl Chloride, Rigid","PVC, Rigid",PVC,,177.0,,,,,
Sylvin,8870-70D White 1502,"Polyvinyl Chloride, Semi-Rigid","PVC, Semi-Rigid",PVC,,177.0,,,,,
Vital-Line,SHM1332,"Polyvinyl Chloride, Rigid","PVC, Rigid",PVC,31.4,,,,,,
Sinvicomp,DBS3025,"Polyvinyl Chloride, Rigid","PVC, Rigid",PVC,39.2,,,,,,
Sinvicomp,SBB3713J,"Polyvinyl Chloride, Rigid","PVC, Rigid",PVC,42.0,,,,,,
Sinvicomp,SBB3713M,"Polyvinyl Chloride, Rigid","PVC, Rigid",PVC,43.6,,,,,,
Sinvicomp,SBC3707,"Polyvinyl Chloride, Rigid","PVC, Rigid",PVC,44.6,,,,,,3.5
Sinvicomp,SBC3715,"Polyvinyl Chloride, Rigid","PVC, Rigid",PVC,39.7,,,,,,
Sinvicomp,SBF5758,"Polyvinyl Chloride, Rigid","PVC, Rigid",PVC,39.2,,,,,,54.0
Sinvicomp,SIC3707J,"Polyvinyl Chloride, Rigid","PVC, Rigid",PVC,50.0,,,,,,
Sinvicomp,SRF3703,"Polyvinyl Chloride, Rigid","PVC, Rigid",PVC,55.0,,,,,,4.0
Sinvicomp,SRF3709Z,"Polyvinyl Chloride, Rigid","PVC, Rigid",PVC,48.0,,,,,,
Sinvicomp,SRF3711,"Polyvinyl Chloride, Rigid","PVC, Rigid",PVC,45.1,,,,,,
Sinvicomp,SRF3715E,"Polyvinyl Chloride, Rigid","PVC, Rigid",PVC,45.1,,,,,,
Sinvicomp,SRF9703A,"Polyvinyl Chloride, Rigid","PVC, Rigid",PVC,48.0,,,,,,
Sinvicomp,SRF9721G,"Polyvinyl Chloride, Rigid","PVC, Rigid",PVC,45.0,,,,,,
Sinvicomp,SRP2606/2,"Polyvinyl Chloride, Rigid","PVC, Rigid",PVC,44.1,,,,,,
Sinvicomp,SRP3705F,"Polyvinyl Chloride, Rigid","PVC, Rigid",PVC,42.0,,,,,,
Weatherguard®,WG 1050HG,"Polyvinyl Chloride, Rigid","PVC, Rigid",PVC,42.9,191.0,2910.0,,2990.0,,
APEX®,01-A0144M-101,"Polyvinyl Chloride, Semi-Rigid","PVC, Semi-Rigid",PVC,,,,,,,
APEX®,02-A0435A2-99,"Polyvinyl Chloride, Semi-Rigid","PVC, Semi-Rigid",PVC,,,,,,,
APEX®,04-A0300A-110 UVFG,"Polyvinyl Chloride, Semi-Rigid","PVC, Semi-Rigid",PVC-P,,,,,,,
APEX®,09-P3741E-95,"Polyvinyl Chloride, Semi-Rigid","PVC, Semi-Rigid",PVC,,,,,,,
APEX®,12-A3804A-85,"Polyvinyl Chloride, Semi-Rigid","PVC, Semi-Rigid",PVC,,,,,,,
APEX®,33043RV-83NT1,"Polyvinyl Chloride, Semi-Rigid","PVC, Semi-Rigid",PVC-P,,,,,,,
APEX®,60001,"Polyvinyl Chloride, Semi-Rigid","PVC, Semi-Rigid",PVC,,,,,,,
APEX®,89-P267D,"Polyvinyl Chloride, Semi-Rigid","PVC, Semi-Rigid",PVC,,,,,,,
APEX®,RD 12A-009,"Polyvinyl Chloride, Rigid","PVC, Rigid",PVC,,,2430.0,,,,
APEX®,RD 12A-012,"Polyvinyl Chloride, Rigid","PVC, Rigid",PVC,,,3830.0,,,,
APEX®,RD12A-017,"Polyvinyl Chloride, Rigid","PVC, Rigid",PVC,,,,,2690.0,,
APEX®,RE 8107 UV,"Polyvinyl Chloride, Rigid","PVC, Rigid",PVC,,,2650.0,,2710.0,,
APEX®,RE 8108A NT,"Polyvinyl Chloride, Rigid","PVC, Rigid",PVC,,,2810.0,,2940.0,,
APEX®,RE 8114 NT,"Polyvinyl Chloride, Rigid","PVC, Rigid",PVC,,,,,2480.0,,
APEX®,RE 8218A,"Polyvinyl Chloride, Rigid","PVC, Rigid",PVC,,,2760.0,,2760.0,,
APEX®,RE 8219,"Polyvinyl Chloride, Rigid","PVC, Rigid",PVC,,,2750.0,,2800.0,,
APEX®,RE 9003,"Polyvinyl Chloride, Rigid","PVC, Rigid",PVC,,,2590.0,,2840.0,,
APEX®,RE 9004,"Polyvinyl Chloride, Rigid","PVC, Rigid",PVC,,,2620.0,,3030.0,,
APEX®,RE 9016A,"Polyvinyl Chloride, Rigid","PVC, Rigid",PVC,,,2880.0,,2870.0,,
APEX®,RE 9218,"Polyvinyl Chloride, Rigid","PVC, Rigid",PVC,,,2760.0,,2690.0,,
APEX®,RE 9218 UV,"Polyvinyl Chloride, Rigid","PVC, Rigid",PVC,,,,,,,
APEX®,RM 40054 P54,"Polyvinyl Chloride, Rigid","PVC, Rigid",PVC,44.1,,2760.0,,2740.0,,9.6
APEX®,RM 8201,"Polyvinyl Chloride, Rigid","PVC, Rigid",PVC,,,,,3230.0,,
APEX®,RM 8218B,"Polyvinyl Chloride, Rigid","PVC, Rigid",PVC,,,2710.0,,2790.0,,
APEX®,RS 9011,"Polyvinyl Chloride, Rigid","PVC, Rigid",PVC,,,2430.0,,2380.0,,
APEX®,RS 9118C UV,"Polyvinyl Chloride, Rigid","PVC, Rigid",PVC,,,2830.0,,2770.0,,
APEX®,RS 9202,"Polyvinyl Chloride, Rigid","PVC, Rigid",PVC,,,2760.0,,2620.0,,
GEON® Rigid,06935L,"Polyvinyl Chloride, Rigid","PVC, Rigid",PVC,41.4,,2910.0,81.2,2990.0,,
GEON® Rigid,161J-1,"Polyvinyl Chloride, Rigid","PVC, Rigid",PVC-I,44.8,,2650.0,83.4,2300.0,,
GEON® Rigid,161J-1-3V/2188GC-3V,"Polyvinyl Chloride, Rigid","PVC, Rigid",PVC-I,43.4,,2580.0,77.2,2390.0,,
GEON® Rigid,210A (HS),"Polyvinyl Chloride, Rigid","PVC, Rigid",PVC,48.6,,3020.0,82.0,2810.0,,
GEON® Rigid,2799,"Polyvinyl Chloride, Rigid","PVC, Rigid",PVC-I,45.4,,,,2450.0,,
GEON® Rigid,5035,"Polyvinyl Chloride, Rigid","PVC, Rigid",PVC,48.3,,2760.0,86.9,3240.0,,
GEON® Rigid,5075,"Polyvinyl Chloride, Rigid","PVC, Rigid",PVC,51.7,,,,3030.0,,
GEON® Rigid,6957,"Polyvinyl Chloride, Rigid","PVC, Rigid",PVC,37.9,,2520.0,73.1,2450.0,,
GEON® Rigid,87150,"Polyvinyl Chloride, Rigid","PVC, Rigid",PVC,41.9,,2520.0,72.1,2710.0,,
GEON® Rigid,87160,"Polyvinyl Chloride, Rigid","PVC, Rigid",PVC-I,43.7,,2890.0,82.3,2890.0,,
GEON® Rigid,87180,"Polyvinyl Chloride, Rigid","PVC, Rigid",PVC-I,44.7,,3100.0,83.6,3300.0,,
GEON® Rigid,87431,"Polyvinyl Chloride, Rigid","PVC, Rigid",PVC,53.1,,3310.0,93.8,3070.0,,
GEON® Rigid,87500,"Polyvinyl Chloride, Rigid","PVC, Rigid",PVC,53.8,,,,2830.0,,
GEON® Rigid,87510,"Polyvinyl Chloride, Rigid","PVC, Rigid",PVC-I,42.7,,3000.0,82.0,2760.0,,
GEON® Rigid,87559,"Polyvinyl Chloride, Rigid","PVC, Rigid",PVC,44.1,,,,2390.0,,
GEON® Rigid,87566,"Polyvinyl Chloride, Rigid","PVC, Rigid",PVC,49.6,,2900.0,,2550.0,,
GEON® Rigid,87567,"Polyvinyl Chloride, Rigid","PVC, Rigid",PVC,53.4,,2840.0,88.5,,,
GEON® Rigid,87707,"Polyvinyl Chloride, Rigid","PVC, Rigid",PVC,56.9,,2920.0,93.5,2870.0,,
GEON® Rigid,87759,"Polyvinyl Chloride, Rigid","PVC, Rigid",PVC,40.6,,2710.0,69.6,2900.0,,
GEON® Rigid,87775,"Polyvinyl Chloride, Rigid","PVC, Rigid",PVC,44.5,,2740.0,80.0,2760.0,,
GEON® Rigid,87850,"Polyvinyl Chloride, Rigid","PVC, Rigid",PVC,43.4,,2450.0,70.3,2480.0,,
GEON® Rigid,E1356,"Polyvinyl Chloride, Rigid","PVC, Rigid",PVC,48.6,,3230.0,95.1,2820.0,,
GEON® Rigid,E1358,"Polyvinyl Chloride, Rigid","PVC, Rigid",PVC,48.6,,3230.0,95.1,2820.0,,
GEON® Rigid,E1500,"Polyvinyl Chloride, Rigid","PVC, Rigid",PVC,41.6,,2900.0,79.3,2950.0,,
GEON® Rigid,E3360A,"Polyvinyl Chloride, Rigid","PVC, Rigid",PVC-I,45.9,,2960.0,89.6,2900.0,,
GEON® Rigid,E3363,"Polyvinyl Chloride, Rigid","PVC, Rigid",PVC-I,47.9,,2950.0,87.4,2630.0,,
GEON® Rigid,E7130,"Polyvinyl Chloride, Rigid","PVC, Rigid",PVC-I,47.2,,2910.0,87.4,2970.0,,
GEON® Rigid,E7364,"Polyvinyl Chloride, Rigid","PVC, Rigid",PVC-I,45.9,,2960.0,89.6,2900.0,,
GEON® Rigid,E7456,"Polyvinyl Chloride, Rigid","PVC, Rigid",PVC-I,47.9,,2880.0,90.3,3090.0,,
GEON® Rigid,L0189,"Polyvinyl Chloride, Rigid","PVC, Rigid",PVC,50.1,,2680.0,82.7,2700.0,,
GEON® Rigid,L1101,"Polyvinyl Chloride, Rigid","PVC, Rigid",PVC,44.1,,2620.0,78.2,2590.0,,
GEON® Rigid,L4536,"Polyvinyl Chloride, Rigid","PVC, Rigid",PVC,53.2,,3030.0,98.6,2880.0,,
GEON® Rigid,L6607,"Polyvinyl Chloride, Rigid","PVC, Rigid",PVC,32.9,,4080.0,69.6,4250.0,,
GEON® Rigid,L6610,"Polyvinyl Chloride, Rigid","PVC, Rigid",PVC,43.1,,2920.0,73.8,3120.0,,
GEON® Rigid,L7022,"Polyvinyl Chloride, Rigid","PVC, Rigid",PVC-I,46.0,,2930.0,86.2,2620.0,,
GEON® Rigid,L8761,"Polyvinyl Chloride, Rigid","PVC, Rigid",PVC,55.4,,3420.0,98.6,3060.0,,
GEON® Rigid,L9630,"Polyvinyl Chloride, Rigid","PVC, Rigid",PVC,43.1,,2920.0,73.8,3120.0,,
GEON® Rigid,L9632,"Polyvinyl Chloride, Rigid","PVC, Rigid",PVC,42.8,,2880.0,72.4,3130.0,,
GEON® Rigid,LPOP,"Polyvinyl Chloride, Rigid","PVC, Rigid",PVC-I,43.4,,2580.0,77.2,2390.0,,
GEON® Rigid,LS13000E DIFFUSE Provisional,"Polyvinyl Chloride, Rigid","PVC, Rigid",PVC,52.1,,2880.0,82.8,2710.0,,
GEON® Rigid,LS13000M,"Polyvinyl Chloride, Rigid","PVC, Rigid",PVC,47.6,,2700.0,76.6,2630.0,,
GEON® Rigid,LS13020M,"Polyvinyl Chloride, Rigid","PVC, Rigid",PVC,47.5,,2660.0,75.4,2600.0,,
GEON® Rigid,M1030,"Polyvinyl Chloride, Rigid","PVC, Rigid",PVC,52.4,,3030.0,87.6,3030.0,,
GEON® Rigid,M3005,"Polyvinyl Chloride, Rigid","PVC, Rigid",PVC,51.0,,3100.0,91.7,3100.0,,
GEON® Rigid,M3220,"Polyvinyl Chloride, Rigid","PVC, Rigid",PVC-I,49.3,,3010.0,84.8,2780.0,,
GEON® Rigid,M3601,"Polyvinyl Chloride, Rigid","PVC, Rigid",PVC-I,42.7,,2410.0,71.0,2340.0,,
GEON® Rigid,M3900,"Polyvinyl Chloride, Rigid","PVC, Rigid",PVC-I,37.9,,2280.0,65.5,2280.0,,
GEON® Rigid,M4821,"Polyvinyl Chloride, Rigid","PVC, Rigid",PVC,51.2,,2740.0,79.3,2780.0,,2050.0
GEON® Rigid,M4910  (USP CLASS VI for TRANS 9494 only),"Polyvinyl Chloride, Rigid","PVC, Rigid",PVC,54.5,,2830.0,85.5,2910.0,,
GEON® Rigid,M5200,"Polyvinyl Chloride, Rigid","PVC, Rigid",PVC-I,44.8,,2550.0,72.4,2480.0,,
GEON® Rigid,M5240,"Polyvinyl Chloride, Rigid","PVC, Rigid",PVC-I,42.7,,2410.0,71.0,2340.0,,
GEON® Rigid,M5730,"Polyvinyl Chloride, Rigid","PVC, Rigid",PVC-I,42.7,,2410.0,71.0,2340.0,,
GEON® Rigid,OxyPurge,"Polyvinyl Chloride, Rigid","PVC, Rigid",PVC,,,,,,,
GEON® Rigid,Purge Natural,"Polyvinyl Chloride, Rigid","PVC, Rigid",PVC,,,,,,,
GEON® Rigid,XPL 293 FROST 1733,"Polyvinyl Chloride, Rigid","PVC, Rigid",PVC-I,49.8,,,,,,
GEON® Plus,18564-02 ADVEX EXPL6121,"Polyvinyl Chloride, Rigid","PVC, Rigid",PVC,40.4,,5250.0,90.0,5680.0,,
GEON® Plus,M7000,"Polyvinyl Chloride, Rigid","PVC, Rigid",PVC-I,41.4,,2310.0,62.7,2280.0,,
GEON® Lite,E2600,"Polyvinyl Chloride, Rigid","PVC, Rigid",PVC,51.6,,3420.0,96.8,3380.0,,
GEON® Lite,E2600E,"Polyvinyl Chloride, Rigid","PVC, Rigid",PVC,50.3,,3760.0,94.5,3670.0,,
GEON® Fiberloc™,80520,"Polyvinyl Chloride, Rigid","PVC, Rigid",PVC-GF20,79.3,,5520.0,121.0,6210.0,,
GEON® Duracap™,L4605,"Polyvinyl Chloride, Semi-Rigid","PVC, Semi-Rigid",PVC,31.2,,1910.0,,1930.0,,
GEON® Duracap™,L4605 Ivory 3098,"Polyvinyl Chloride, Semi-Rigid","PVC, Semi-Rigid",PVC,30.4,,1920.0,,2010.0,,
Etinox®,EA-4230,"Polyvinyl Chloride, Rigid","PVC, Rigid",PVC,,,,,,,
Etinox®,ER-A164F,"Polyvinyl Chloride, Rigid","PVC, Rigid",PVC,,,,,,,
Etinox®,ER-B019,"Polyvinyl Chloride, Rigid","PVC, Rigid",PVC,,,,,,,
Etinox®,ER-B12,"Polyvinyl Chloride, Rigid","PVC, Rigid",PVC,,,,,,,
Fainplast PVC,RK 212,"Polyvinyl Chloride, Rigid","PVC, Rigid",PVC,43.0,,,,,,
Fainplast PVC,RK 233/G,"Polyvinyl Chloride, Rigid","PVC, Rigid",PVC,40.0,,,,,,
Fainplast PVC,RK 325/4,"Polyvinyl Chloride, Rigid","PVC, Rigid",PVC,39.0,,,,,,
Fainplast PVC,RKI 01314/B1,"Polyvinyl Chloride, Rigid","PVC, Rigid",PVC,42.0,,,,,,
Fainplast PVC,RKI 713/UV,"Polyvinyl Chloride, Rigid","PVC, Rigid",PVC,41.0,,,,,,
Fainplast PVC,RKS 212/W,"Polyvinyl Chloride, Rigid","PVC, Rigid",PVC,42.0,,,,,,
Fainplast PVC,RKS 311,"Polyvinyl Chloride, Rigid","PVC, Rigid",PVC,40.0,,,,,,
Formolon®,614,"Polyvinyl Chloride, Rigid","PVC, Rigid",PVC,,,,,,,
Formolon®,AW02,"Polyvinyl Chloride, Rigid","PVC, Rigid",PVC,,,,,2940.0,,
Shanghai Potomer,SG5,"Polyvinyl Chloride, Rigid","PVC, Rigid",PVC,,,,,,,
Shanghai Potomer,SG7,"Polyvinyl Chloride, Rigid","PVC, Rigid",PVC,,,,,,,
Shanghai Potomer,SG8,"Polyvinyl Chloride, Rigid","PVC, Rigid",PVC,,,,,,,
Auroralite™,AP3141,"Polyvinyl Chloride, Rigid","PVC, Rigid",PVC,,,1280.0,37.9,1100.0,,
Auroralite™,AP3249,"Polyvinyl Chloride, Rigid","PVC, Rigid",PVC,,,1380.0,39.3,1100.0,,
GW series,2409-VW1 NAT 50 LCF,"Polyvinyl Chloride, Semi-Rigid","PVC, Semi-Rigid",PVC,,,,,,,
Unichem,1104C-03,"Polyvinyl Chloride, Rigid","PVC, Rigid",PVC,38.6,,,,,,1.6
Dugdale PVC,Rigid Extrusion Black Compound,"Polyvinyl Chloride, Rigid","PVC, Rigid",PVC,40.0,,,,,,
Dugdale PVC,Rigid Injection Molding Compound - Soil,"Polyvinyl Chloride, Rigid","PVC, Rigid",PVC,,,,,,,
Colorite Rigid PVC,2018UV,"Polyvinyl Chloride, Rigid","PVC, Rigid",PVC,,,,,,,
Colorite Rigid PVC,2101,"Polyvinyl Chloride, Rigid","PVC, Rigid",PVC,,,,,,,
Colorite Rigid PVC,2600 CLR,"Polyvinyl Chloride, Rigid","PVC, Rigid",PVC,,,,,,,
Lucky PVC,General Purpose,"Polyvinyl Chloride, Rigid","PVC, Rigid",PVC,,,,,,,
MARPOL®,PVC BOTTLE GRADE K57,"Polyvinyl Chloride, Rigid","PVC, Rigid",PVC,,,,,,,
MARPOL®,PVC PIPE GRADE,"Polyvinyl Chloride, Rigid","PVC, Rigid",PVC,,,,,,,
VINIKA®,D2047E,"Polyvinyl Chloride, Rigid","PVC, Rigid",PVC,,,,,,,
VINIKA®,D6188,"Polyvinyl Chloride, Rigid","PVC, Rigid",PVC,,,,,,,
VINIKA®,T120D,"Polyvinyl Chloride, Rigid","PVC, Rigid",PVC,,,,,,,
VINIKA®,T616,"Polyvinyl Chloride, Rigid","PVC, Rigid",PVC,,,,,,,
Westlake PVC,2500,"Polyvinyl Chloride, Rigid","PVC, Rigid",PVC,,,2680.0,71.8,2910.0,,
Westlake PVC,3036,"Polyvinyl Chloride, Rigid","PVC, Rigid",PVC,45.0,,2280.0,69.0,2690.0,,
Westlake PVC,3085,"Polyvinyl Chloride, Rigid","PVC, Rigid",PVC,46.0,,2690.0,81.0,2760.0,,
Westlake PVC,3121,"Polyvinyl Chloride, Rigid","PVC, Rigid",PVC,45.0,,2540.0,76.5,2720.0,,
Westlake PVC,3265,"Polyvinyl Chloride, Rigid","PVC, Rigid",PVC,,,,,2340.0,,
Westlake PVC,3297,"Polyvinyl Chloride, Rigid","PVC, Rigid",PVC,46.0,,2860.0,89.0,2900.0,,
Westlake PVC,3303,"Polyvinyl Chloride, Rigid","PVC, Rigid",PVC,,,2930.0,88.3,2690.0,,
Westlake PVC,3600,"Polyvinyl Chloride, Rigid","PVC, Rigid",PVC,39.0,,2610.0,74.0,2830.0,,
Westlake PVC,3605,"Polyvinyl Chloride, Rigid","PVC, Rigid",PVC,45.0,,2590.0,78.4,3320.0,,
Westlake PVC,3650,"Polyvinyl Chloride, Rigid","PVC, Rigid",PVC,44.8,,2210.0,68.9,2620.0,,
Westlake PVC,3802,"Polyvinyl Chloride, Rigid","PVC, Rigid",PVC,,,1030.0,24.5,1810.0,,
Westlake PVC,5006,"Polyvinyl Chloride, Rigid","PVC, Rigid",PVC,,,3450.0,84.0,3100.0,,
Westlake PVC,6300,"Polyvinyl Chloride, Rigid","PVC, Rigid",PVC,49.3,,2820.0,84.8,3170.0,,
Westlake PVC,6315A,"Polyvinyl Chloride, Rigid","PVC, Rigid",PVC,48.0,,2760.0,76.0,2480.0,,
Westlake PVC,6316,"Polyvinyl Chloride, Rigid","PVC, Rigid",PVC,,,3030.0,82.7,3100.0,,
Westlake PVC,6340,"Polyvinyl Chloride, Rigid","PVC, Rigid",PVC,52.0,,3100.0,76.0,2900.0,,
Westlake PVC,6512,"Polyvinyl Chloride, Rigid","PVC, Rigid",PVC,40.0,,,,2410.0,,
Westlake PVC,7255J,"Polyvinyl Chloride, Rigid","PVC, Rigid",PVC,46.0,182.0,2930.0,81.0,2830.0,,
Westlake PVC,7465,"Polyvinyl Chloride, Rigid","PVC, Rigid",PVC,41.4,,2720.0,75.8,2690.0,,
Westlake PVC,7465A,"Polyvinyl Chloride, Rigid","PVC, Rigid",PVC,41.4,,2720.0,75.8,2690.0,,
Westlake PVC,7513,"Polyvinyl Chloride, Rigid","PVC, Rigid",PVC,41.0,182.0,2720.0,69.0,2690.0,,
Westlake PVC,7555 White,"Polyvinyl Chloride, Rigid","PVC, Rigid",PVC,41.4,,2790.0,75.8,2970.0,,
Westlake PVC,7751,"Polyvinyl Chloride, Rigid","PVC, Rigid",PVC,40.5,,3070.0,74.2,3220.0,,
Westlake PVC,7803,"Polyvinyl Chloride, Rigid","PVC, Rigid",PVC,36.7,,1960.0,60.1,2000.0,,
Westlake PVC,8247 Clear 34,"Polyvinyl Chloride, Rigid","PVC, Rigid",PVC-I,44.8,,2620.0,81.4,2620.0,,
Westlake PVC,8253,"Polyvinyl Chloride, Rigid","PVC, Rigid",PVC,43.1,,2390.0,71.7,2810.0,,
Westlake PVC,8264,"Polyvinyl Chloride, Rigid","PVC, Rigid",PVC,44.1,,2650.0,77.2,2720.0,,
Westlake PVC,9109J Clear,"Polyvinyl Chloride, Rigid","PVC, Rigid",PVC,46.2,,2410.0,82.7,2480.0,,
Westlake PVC,9113,"Polyvinyl Chloride, Rigid","PVC, Rigid",PVC,,,,75.8,2480.0,,
Westlake PVC,9275 J,"Polyvinyl Chloride, Rigid","PVC, Rigid",PVC,,,,89.6,2760.0,,
Westlake PVC,9275 J Clear 38,"Polyvinyl Chloride, Rigid","PVC, Rigid",PVC,49.0,,,89.6,2830.0,,
Westlake PVC,CL-6380,"Polyvinyl Chloride, Rigid","PVC, Rigid",PVC,49.6,199.0,2960.0,89.6,2760.0,,
Westlake PVC,CL-7049,"Polyvinyl Chloride, Rigid","PVC, Rigid",PVC,36.5,,2140.0,65.5,2410.0,,
Westlake PVC,CL-7053,"Polyvinyl Chloride, Rigid","PVC, Rigid",PVC,,,2760.0,75.8,2620.0,,
Westlake PVC,FG-9229,"Polyvinyl Chloride, Rigid","PVC, Rigid",PVC,,,,79.3,2690.0,,
Westlake PVC,GP-9175,"Polyvinyl Chloride, Rigid","PVC, Rigid",PVC,48.0,,,90.0,2830.0,,
Westlake PVC,HD-5009,"Polyvinyl Chloride, Rigid","PVC, Rigid",PVC,50.0,,2900.0,90.0,2830.0,,
Westlake PVC,HL-5009,"Polyvinyl Chloride, Rigid","PVC, Rigid",PVC,,,2900.0,89.6,3170.0,,
Westlake PVC,LSS-8200,"Polyvinyl Chloride, Rigid","PVC, Rigid",PVC,40.8,,2820.0,73.1,2650.0,,
Westlake PVC,SP-6235,"Polyvinyl Chloride, Rigid","PVC, Rigid",PVC,37.2,,,,2210.0,,
Westlake PVC,SP-7107,"Polyvinyl Chloride, Rigid","PVC, Rigid",PVC,41.4,,2760.0,75.8,2620.0,,
Westlake PVC,UV-6680,"Polyvinyl Chloride, Rigid","PVC, Rigid",PVC,40.0,,2140.0,65.5,2410.0,,
Hy-Vin®,VR818,"Polyvinyl Chloride, Rigid","PVC, Rigid",PVC,44.5,,2180.0,52.9,,,
Hy-Vin®,XQ76054,"Polyvinyl Chloride, Rigid","PVC, Rigid",PVC,51.2,,,,,,
EVICOM™,GRS 5206,"Polyvinyl Chloride, Rigid","PVC, Rigid",PVC,44.0,,2800.0,,,,
INOVYN™,370SK,"Polyvinyl Chloride, Rigid","PVC, Rigid",PVC,,,,,,,
K-Bin Rigid PVC,KB-5001,"Polyvinyl Chloride, Rigid","PVC, Rigid",PVC,46.9,,2720.0,66.5,2760.0,,
K-Bin Rigid PVC,KB-5025,"Polyvinyl Chloride, Rigid","PVC, Rigid",PVC,45.2,,2950.0,68.4,2420.0,,
K-Bin Rigid PVC,KB-6210,"Polyvinyl Chloride, Rigid","PVC, Rigid",PVC,53.4,,,,3240.0,,
K-Bin Rigid PVC,KBD-5037T-5,"Polyvinyl Chloride, Rigid","PVC, Rigid",PVC,16.4,,1210.0,28.0,772.0,,
Trovidur®,ESA-S,"Polyvinyl Chloride, Rigid","PVC, Rigid",PVC,45.0,,,60.0,2500.0,,
Trovidur®,ES-FB,"Polyvinyl Chloride, Rigid","PVC, Rigid",PVC,48.0,,,,2500.0,,
Rimtec PVC,4381-7A UV CLEAR,"Polyvinyl Chloride, Rigid","PVC, Rigid",PVC,44.1,,2760.0,,2480.0,,
Prime,2400,"Polyvinyl Chloride, Rigid","PVC, Rigid",PVC,45.5,,2620.0,,2960.0,,
Prime,2500-WH10,"Polyvinyl Chloride, Rigid","PVC, Rigid",PVC,50.3,,2930.0,,3000.0,,
Prime,4240 NAT 01,"Polyvinyl Chloride, Rigid","PVC, Rigid",PVC,46.9,,2830.0,,2830.0,,
Prime,4516,"Polyvinyl Chloride, Rigid","PVC, Rigid",PVC,42.1,,2960.0,,3140.0,,
ALPHAMED,2212-100,"Polyvinyl Chloride, Semi-Rigid","PVC, Semi-Rigid",PVC,,,,,,,
AuroraTec™,RB 5051 BUVG CLEAR,"Polyvinyl Chloride, Rigid","PVC, Rigid",PVC-I,,,2620.0,76.0,2690.0,,
AuroraTec™,RB 5051 MS UV CLEAR,"Polyvinyl Chloride, Rigid","PVC, Rigid",PVC-I,,,2620.0,76.0,2690.0,,
AuroraTec™,RB 5052 JUV CLEAR,"Polyvinyl Chloride, Rigid","PVC, Rigid",PVC-I,,,2620.0,,,,
AuroraTec™,RR 0188 UV PC2 Black,"Polyvinyl Chloride, Rigid","PVC, Rigid",PVC,,,2430.0,82.0,3000.0,,
AuroraTec™,RR 5056 CLEAR,"Polyvinyl Chloride, Rigid","PVC, Rigid",PVC-I,,,,76.0,2610.0,,
GEON® Rigid,2015-Tektube D/B D70,"Polyvinyl Chloride, Rigid","PVC, Rigid",PVC-I,44.7,,3100.0,83.6,3300.0,,
GEON® Rigid,6100L Natural,"Polyvinyl Chloride, Rigid","PVC, Rigid",PVC-I,34.5,,,,2070.0,,
GEON® Rigid,E7758,"Polyvinyl Chloride, Rigid","PVC, Rigid",PVC,44.8,,2780.0,81.4,2850.0,,
GEON® Rigid,M1010,"Polyvinyl Chloride, Rigid","PVC, Rigid",PVC,51.0,,3100.0,91.0,2960.0,,
Trovidur®,EA white,"Polyvinyl Chloride, Rigid","PVC, Rigid",PVC,55.0,,,,3000.0,,
Trovidur®,EC N black,"Polyvinyl Chloride, Rigid","PVC, Rigid",PVC,55.0,,,80.0,3000.0,,
Trovidur®,EC N white,"Polyvinyl Chloride, Rigid","PVC, Rigid",PVC,55.0,,,80.0,3000.0,,
Trovidur®,ES grey,"Polyvinyl Chloride, Rigid","PVC, Rigid",PVC,48.0,,,65.0,2500.0,,
Trovidur®,ESV-EX,"Polyvinyl Chloride, Rigid","PVC, Rigid",PVC,45.0,,,60.0,2500.0,,
Trovidur®,ESV-TRX,"Polyvinyl Chloride, Rigid","PVC, Rigid",PVC,45.0,,,60.0,2500.0,,
Trovidur®,PVC-U grey,"Polyvinyl Chloride, Rigid","PVC, Rigid",PVC,45.0,,,,3000.0,,
APEX®,RE HH 91A,"Polyvinyl Chloride, Rigid","PVC, Rigid",PVC,,,,,2000.0,,
Sylvin,8311-70D Natural,"Polyvinyl Chloride, Rigid","PVC, Rigid",PVC,,182.0,,,,,
Sylvin,8366-88C Natural,"Polyvinyl Chloride, Semi-Rigid","PVC, Semi-Rigid",PVC,,182.0,,,,,
Sylvin,8390-93C Natural,"Polyvinyl Chloride, Semi-Rigid","PVC, Semi-Rigid",PVC,,182.0,,,20.0,,
Sylvin,8773-60D Brown 7359,"Polyvinyl Chloride, Rigid","PVC, Rigid",PVC,,177.0,,,,,
Sylvin,8773-60D Brown 7360,"Polyvinyl Chloride, Rigid","PVC, Rigid",PVC,,177.0,,,,,
Sylvin,8773-60D Brown 7372,"Polyvinyl Chloride, Rigid","PVC, Rigid",PVC,,177.0,,,,,
Sylvin,8773-60D Brown 7375,"Polyvinyl Chloride, Rigid","PVC, Rigid",PVC,,177.0,,,,,
Sylvin,8773-60D Brown 7379,"Polyvinyl Chloride, Rigid","PVC, Rigid",PVC,,177.0,,,,,
Sylvin,8773-60D White 1449,"Polyvinyl Chloride, Rigid","PVC, Rigid",PVC,,177.0,,,,,
Sylvin,8773-65D Brown 7360,"Polyvinyl Chloride, Rigid","PVC, Rigid",PVC,,177.0,,,,,
Sylvin,8808-66D Natural,"Polyvinyl Chloride, Rigid","PVC, Rigid",PVC,,177.0,,,,,
Sylvin,8808-70D Natural,"Polyvinyl Chloride, Rigid","PVC, Rigid",PVC,,177.0,,,,,
Sylvin,8839-60D White 1403,"Polyvinyl Chloride, Rigid","PVC, Rigid",PVC,,177.0,,,,,
Sylvin,8870-70D Natural,"Polyvinyl Chloride, Semi-Rigid","PVC, Semi-Rigid",PVC,,177.0,,,,,
Vital-Line,SHM1332B,"Polyvinyl Chloride, Rigid","PVC, Rigid",PVC-P,,,,,,,
Sinvicomp,DBS2006,"Polyvinyl Chloride, Rigid","PVC, Rigid",PVC,,,,,,,
Sinvicomp,DBS3602,"Polyvinyl Chloride, Rigid","PVC, Rigid",PVC,,,,,,,
Sinvicomp,SBB3615,"Polyvinyl Chloride, Rigid","PVC, Rigid",PVC,39.2,,,,,,
Sinvicomp,SBB3707,"Polyvinyl Chloride, Rigid","PVC, Rigid",PVC,45.1,,,,,,
Sinvicomp,SBB3715UV,"Polyvinyl Chloride, Rigid","PVC, Rigid",PVC,40.2,,,,,,
Sinvicomp,SBF3748,"Polyvinyl Chloride, Rigid","PVC, Rigid",PVC,50.0,,,,,,
Sinvicomp,SBF3779,"Polyvinyl Chloride, Rigid","PVC, Rigid",PVC,41.0,,,,,,
Sinvicomp,SIC3705,"Polyvinyl Chloride, Rigid","PVC, Rigid",PVC,34.3,,,,,,
Sinvicomp,SIC3705B,"Polyvinyl Chloride, Rigid","PVC, Rigid",PVC,45.0,,,,,,
Sinvicomp,SIC3705H,"Polyvinyl Chloride, Rigid","PVC, Rigid",PVC,34.3,,,,,,
Sinvicomp,SIC3707,"Polyvinyl Chloride, Rigid","PVC, Rigid",PVC,45.1,,,,,,
Sinvicomp,SIC3710,"Polyvinyl Chloride, Rigid","PVC, Rigid",PVC,44.1,,,,,,
Sinvicomp,SRF3704UV,"Polyvinyl Chloride, Rigid","PVC, Rigid",PVC,46.1,,,,,,5.5
Sinvicomp,SRF3705,"Polyvinyl Chloride, Rigid","PVC, Rigid",PVC,49.0,,,,,,
Sinvicomp,SRF3705ZE,"Polyvinyl Chloride, Rigid","PVC, Rigid",PVC,49.0,,,,,,
Sinvicomp,SRF3803,"Polyvinyl Chloride, Rigid","PVC, Rigid",PVC,48.0,,2850.0,,,,
Sinvicomp,SRF3805,"Polyvinyl Chloride, Rigid","PVC, Rigid",PVC,46.0,,,,,,
Sinvicomp,SRF3811,"Polyvinyl Chloride, Rigid","PVC, Rigid",PVC,45.0,,,,,,
Sinvicomp,SRF9721,"Polyvinyl Chloride, Rigid","PVC, Rigid",PVC,41.0,,,,,,
Sinvicomp,SRP3003FRF,"Polyvinyl Chloride, Rigid","PVC, Rigid",PVC,39.0,,,,,,
Sinvicomp,SRP3004BUV,"Polyvinyl Chloride, Rigid","PVC, Rigid",PVC,39.0,,,,,,
Sinvicomp,SRP3004FRF,"Polyvinyl Chloride, Rigid","PVC, Rigid",PVC,39.0,,,,,,
Sinvicomp,SRP3608,"Polyvinyl Chloride, Rigid","PVC, Rigid",PVC,44.0,,,,,,
Sinvicomp,SRP3704UV,"Polyvinyl Chloride, Rigid","PVC, Rigid",PVC,44.0,,,,,,
APEX®,RM9214UV,"Polyvinyl Chloride, Rigid","PVC, Rigid",PVC,,,2550.0,,2480.0,,
Weatherguard®,WG 1051HG,"Polyvinyl Chloride, Rigid","PVC, Rigid",PVC,42.9,191.0,2910.0,,2990.0,,
APEX®,11-A1261E-89,"Polyvinyl Chloride, Semi-Rigid","PVC, Semi-Rigid",PVC,,,,,,,
APEX®,2334A4-95A3,"Polyvinyl Chloride, Semi-Rigid","PVC, Semi-Rigid",PVC,,,,,,,
APEX®,270,"Polyvinyl Chloride, Semi-Rigid","PVC, Semi-Rigid",PVC,,,,,,,
APEX®,3304R-95NT,"Polyvinyl Chloride, Semi-Rigid","PVC, Semi-Rigid",PVC,,,,,,,
APEX®,95-A0835B-112,"Polyvinyl Chloride, Rigid","PVC, Rigid",PVC,,,,,,,
APEX®,RE 8113A NT,"Polyvinyl Chloride, Rigid","PVC, Rigid",PVC,,,2680.0,,2730.0,,
APEX®,RE 8114 UV,"Polyvinyl Chloride, Rigid","PVC, Rigid",PVC,,,2450.0,,2480.0,,
APEX®,RE 8118 NT,"Polyvinyl Chloride, Rigid","PVC, Rigid",PVC,,,2410.0,,2480.0,,
APEX®,RE 8213,"Polyvinyl Chloride, Rigid","PVC, Rigid",PVC,,,3000.0,,2810.0,,
APEX®,RE 8223 NT,"Polyvinyl Chloride, Rigid","PVC, Rigid",PVC,,,2550.0,,2620.0,,
APEX®,RE 9018A,"Polyvinyl Chloride, Rigid","PVC, Rigid",PVC,,,2830.0,,2760.0,,
APEX®,RE 9022,"Polyvinyl Chloride, Rigid","PVC, Rigid",PVC,,,2760.0,,2620.0,,
APEX®,RM 8002A,"Polyvinyl Chloride, Rigid","PVC, Rigid",PVC,,,2830.0,,2960.0,,
APEX®,RM 8112,"Polyvinyl Chloride, Rigid","PVC, Rigid",PVC,,,2420.0,,2170.0,,
APEX®,RM 8217,"Polyvinyl Chloride, Rigid","PVC, Rigid",PVC,,,2520.0,,2690.0,,
Hoffman PVC,V7-31,"Polyvinyl Chloride, Rigid","PVC, Rigid",PVC,,,2960.0,89.6,2930.0,,
GEON® Rigid,06935,"Polyvinyl Chloride, Rigid","PVC, Rigid",PVC,41.4,,2910.0,81.2,2990.0,,
GEON® Rigid,161J,"Polyvinyl Chloride, Rigid","PVC, Rigid",PVC-I,44.8,,2650.0,83.4,2300.0,,
GEON® Rigid,161JA,"Polyvinyl Chloride, Rigid","PVC, Rigid",PVC-I,43.1,,2680.0,73.8,2320.0,,
GEON® Rigid,2121C,"Polyvinyl Chloride, Rigid","PVC, Rigid",PVC-I,41.4,,2630.0,78.4,2720.0,,
GEON® Rigid,2201,"Polyvinyl Chloride, Rigid","PVC, Rigid",PVC-I,38.3,,2410.0,67.6,2150.0,,
GEON® Rigid,2677,"Polyvinyl Chloride, Rigid","PVC, Rigid",PVC,51.7,,2760.0,82.7,3100.0,,
GEON® Rigid,78761,"Polyvinyl Chloride, Rigid","PVC, Rigid",PVC,50.3,,2900.0,103.0,2830.0,,
GEON® Rigid,85891,"Polyvinyl Chloride, Rigid","PVC, Rigid",PVC-I,49.0,,2760.0,82.7,2900.0,,
GEON® Rigid,86110 white 1275,"Polyvinyl Chloride, Rigid","PVC, Rigid",PVC,40.4,,2620.0,71.7,2790.0,,
GEON® Rigid,87345,"Polyvinyl Chloride, Rigid","PVC, Rigid",PVC,49.0,,3190.0,98.6,2990.0,,
GEON® Rigid,87549,"Polyvinyl Chloride, Rigid","PVC, Rigid",PVC,41.4,,2900.0,91.9,2480.0,,
GEON® Rigid,87550HS,"Polyvinyl Chloride, Rigid","PVC, Rigid",PVC-I,52.9,,2860.0,91.0,2810.0,,
GEON® Rigid,87556,"Polyvinyl Chloride, Rigid","PVC, Rigid",PVC-I,53.4,,2840.0,88.5,2790.0,,
GEON® Rigid,87564,"Polyvinyl Chloride, Rigid","PVC, Rigid",PVC,53.8,,,,2830.0,,
GEON® Rigid,87717,"Polyvinyl Chloride, Rigid","PVC, Rigid",PVC,56.9,,2920.0,93.5,2870.0,,
GEON® Rigid,87736,"Polyvinyl Chloride, Rigid","PVC, Rigid",PVC,52.2,,2990.0,92.6,2780.0,,
GEON® Rigid,E0100,"Polyvinyl Chloride, Rigid","PVC, Rigid",PVC,,,,,,,
GEON® Rigid,E1355,"Polyvinyl Chloride, Rigid","PVC, Rigid",PVC,50.2,,2960.0,93.8,2960.0,,
GEON® Rigid,E6001,"Polyvinyl Chloride, Rigid","PVC, Rigid",PVC,38.2,,3720.0,79.5,3720.0,,
GEON® Rigid,E6530,"Polyvinyl Chloride, Rigid","PVC, Rigid",PVC-I,45.9,,2880.0,84.1,2680.0,,
GEON® Rigid,E6755,"Polyvinyl Chloride, Rigid","PVC, Rigid",PVC-I,45.1,,2810.0,82.0,2760.0,,
GEON® Rigid,E7001,"Polyvinyl Chloride, Rigid","PVC, Rigid",PVC-I,43.6,,2740.0,79.3,2620.0,,
GEON® Rigid,L0111,"Polyvinyl Chloride, Rigid","PVC, Rigid",PVC,49.2,,2870.0,85.5,2790.0,,
GEON® Rigid,L0248,"Polyvinyl Chloride, Rigid","PVC, Rigid",PVC-I,45.5,,2700.0,78.9,2580.0,,
GEON® Rigid,L0678 Natural,"Polyvinyl Chloride, Rigid","PVC, Rigid",PVC,44.1,,3050.0,83.2,3210.0,,
GEON® Rigid,L1361,"Polyvinyl Chloride, Rigid","PVC, Rigid",PVC,50.5,,2900.0,104.0,2830.0,,
GEON® Rigid,L6181,"Polyvinyl Chloride, Rigid","PVC, Rigid",PVC-I,44.7,,3100.0,83.6,3300.0,,
GEON® Rigid,L6256,"Polyvinyl Chloride, Rigid","PVC, Rigid",PVC,42.3,,2660.0,82.7,3060.0,,
GEON® Rigid,L8230,"Polyvinyl Chloride, Rigid","PVC, Rigid",PVC,46.7,,3240.0,86.7,2600.0,,
GEON® Rigid,LP300,"Polyvinyl Chloride, Rigid","PVC, Rigid",PVC,,,,,,,
GEON® Rigid,LS11000E,"Polyvinyl Chloride, Rigid","PVC, Rigid",PVC-I,42.1,,2480.0,75.8,2480.0,,
GEON® Rigid,LS11110M,"Polyvinyl Chloride, Rigid","PVC, Rigid",PVC-GF,75.8,,5170.0,117.0,5520.0,,
GEON® Rigid,LS11200M,"Polyvinyl Chloride, Rigid","PVC, Rigid",PVC-I,45.5,,2710.0,71.7,2590.0,,
GEON® Rigid,LS21000M,"Polyvinyl Chloride, Rigid","PVC, Rigid",PVC-I,42.7,,2410.0,71.0,2340.0,,
GEON® Rigid,LS21150E Provisional,"Polyvinyl Chloride, Rigid","PVC, Rigid",PVC,44.3,,3940.0,85.7,3840.0,,
GEON® Rigid,LS21400M,"Polyvinyl Chloride, Rigid","PVC, Rigid",PVC-I,42.7,,2410.0,71.0,2340.0,,
GEON® Rigid,M1000,"Polyvinyl Chloride, Rigid","PVC, Rigid",PVC,49.6,,3100.0,91.0,3030.0,,
GEON® Rigid,M1210,"Polyvinyl Chloride, Rigid","PVC, Rigid",PVC-I,42.7,,2780.0,74.5,2480.0,,
GEON® Rigid,M3700,"Polyvinyl Chloride, Rigid","PVC, Rigid",PVC-I,43.4,,2480.0,71.0,2380.0,,
GEON® Rigid,M3880,"Polyvinyl Chloride, Rigid","PVC, Rigid",PVC-I,41.4,,2410.0,67.6,2590.0,,
GEON® Rigid,M4120,"Polyvinyl Chloride, Rigid","PVC, Rigid",PVC,52.0,,2830.0,80.0,2950.0,,
GEON® Rigid,RB-FG,"Polyvinyl Chloride, Rigid","PVC, Rigid",PVC,,,,,,,
GEON® Rigid,VB951,"Polyvinyl Chloride, Rigid","PVC, Rigid",PVC-I,42.1,,2650.0,80.0,2690.0,,
GEON® Lite,E2501,"Polyvinyl Chloride, Rigid","PVC, Rigid",PVC,51.6,,3420.0,96.8,3380.0,,
GEON® Fiberloc™,81510,"Polyvinyl Chloride, Rigid","PVC, Rigid",PVC-GF10,75.8,,5170.0,117.0,5520.0,,
GEON® Fiberloc™,83510,"Polyvinyl Chloride, Rigid","PVC, Rigid",PVC-GF10,55.2,,4140.0,82.7,4830.0,,
GEON® Fiberloc™,83520,"Polyvinyl Chloride, Rigid","PVC, Rigid",PVC-GF20,65.5,,6210.0,103.0,6550.0,,
Guang Sung PVC,GPMD70,"Polyvinyl Chloride, Rigid","PVC, Rigid",PVC,,,2350.0,67.7,,,
SILVER®,EX01,"Polyvinyl Chloride, Rigid","PVC, Rigid",PVC,,,2200.0,60.0,,,
SILVER®,FG02,"Polyvinyl Chloride, Rigid","PVC, Rigid",PVC,,,2400.0,68.0,,,3.2
Etinox®,EA-4131,"Polyvinyl Chloride, Rigid","PVC, Rigid",PVC,,,,,,,
Etinox®,EF-0125,"Polyvinyl Chloride, Rigid","PVC, Rigid",PVC,,,,,,,
Etinox®,EF-0140,"Polyvinyl Chloride, Rigid","PVC, Rigid",PVC,,,,,,,
Etinox®,ER-3102,"Polyvinyl Chloride, Rigid","PVC, Rigid",PVC,,,,,,,
Etinox®,ER-B023,"Polyvinyl Chloride, Rigid","PVC, Rigid",PVC,,,,,,,
Etinox®,ER-B121,"Polyvinyl Chloride, Rigid","PVC, Rigid",PVC,,,,,,,
Fainplast PVC,MRT 168,"Polyvinyl Chloride, Rigid","PVC, Rigid",PVC,,,,,,,
Fainplast PVC,MRT 256/G,"Polyvinyl Chloride, Rigid","PVC, Rigid",PVC,,,,,,,
Fainplast PVC,RK 740/OM,"Polyvinyl Chloride, Rigid","PVC, Rigid",PVC,38.0,,,,,,
Fainplast PVC,RKS 205/K-UV,"Polyvinyl Chloride, Rigid","PVC, Rigid",PVC,43.0,,,,,,
Fainplast PVC,RST 0413,"Polyvinyl Chloride, Rigid","PVC, Rigid",PVC,43.0,,,,,,
Fainplast PVC,RST 705,"Polyvinyl Chloride, Rigid","PVC, Rigid",PVC,45.0,,,,,,
Fainplast PVC,SAR 100/5,"Polyvinyl Chloride, Rigid","PVC, Rigid",PVC,42.0,,,,,,
PETILEN,S23/59,"Polyvinyl Chloride, Rigid","PVC, Rigid",PVC,,,,,,,
AuroraTec™,RB5053UV2 Clear,"Polyvinyl Chloride, Rigid","PVC, Rigid",PVC-I,,,2760.0,79.0,2650.0,,
AuroraTec™,RB5056 Clear,"Polyvinyl Chloride, Rigid","PVC, Rigid",PVC-I,,,,76.0,2610.0,,
Auroralite™,AP3276,"Polyvinyl Chloride, Rigid","PVC, Rigid",PVC,,,1380.0,24.1,1240.0,,
AuroraFlex™,4257D,"Polyvinyl Chloride, Semi-Rigid","PVC, Semi-Rigid",PVC-P,,,,,,,10.0
Unichem,93-1074 C-01,"Polyvinyl Chloride, Rigid","PVC, Rigid",PVC,35.9,,,,,,
Dugdale PVC,Rigid Purge Compound,"Polyvinyl Chloride, Rigid","PVC, Rigid",PVC-L,,,,,,,
Colorite Rigid PVC,1118G-WHITE 532,"Polyvinyl Chloride, Rigid","PVC, Rigid",PVC,,,,,,,
Colorite Rigid PVC,2201,"Polyvinyl Chloride, Rigid","PVC, Rigid",PVC,,,,,,,
Colorite Rigid PVC,2401H,"Polyvinyl Chloride, Rigid","PVC, Rigid",PVC,,,,,,,
Colorite Rigid PVC,2600WHT,"Polyvinyl Chloride, Rigid","PVC, Rigid",PVC,,,,,,,
Colorite Rigid PVC,93-1074C-2,"Polyvinyl Chloride, Rigid","PVC, Rigid",PVC,,,,,,,
Boltaron,4350T,"Polyvinyl Chloride, Rigid","PVC, Rigid",PVC,,,2130.0,60.0,,,
VINIKA®,D1148A,"Polyvinyl Chloride, Rigid","PVC, Rigid",PVC,,,,,,,
VINIKA®,D7653,"Polyvinyl Chloride, Rigid","PVC, Rigid",PVC,,,,,,,
VINIKA®,T620,"Polyvinyl Chloride, Rigid","PVC, Rigid",PVC,,,,,,,
Small Boss,RPVC06,"Polyvinyl Chloride, Rigid","PVC, Rigid",PVC,,,,,,,
Westlake PVC,3020,"Polyvinyl Chloride, Rigid","PVC, Rigid",PVC,39.6,,2170.0,66.0,1970.0,,
Westlake PVC,3027,"Polyvinyl Chloride, Rigid","PVC, Rigid",PVC,41.4,,3100.0,89.6,4790.0,,
Westlake PVC,3217,"Polyvinyl Chloride, Rigid","PVC, Rigid",PVC,43.4,,2960.0,89.6,2720.0,,
Westlake PVC,3291,"Polyvinyl Chloride, Rigid","PVC, Rigid",PVC,,,,,2770.0,,
Westlake PVC,3843,"Polyvinyl Chloride, Rigid","PVC, Rigid",PVC,46.0,,2460.0,74.0,3030.0,,
Westlake PVC,5055 White,"Polyvinyl Chloride, Rigid","PVC, Rigid",PVC,41.4,,2790.0,75.8,2970.0,,
Westlake PVC,6335 Clear 125,"Polyvinyl Chloride, Rigid","PVC, Rigid",PVC,,,2960.0,89.6,2760.0,,
Westlake PVC,6509,"Polyvinyl Chloride, Rigid","PVC, Rigid",PVC,41.4,,2760.0,7.58,2410.0,,
Westlake PVC,7020,"Polyvinyl Chloride, Rigid","PVC, Rigid",PVC,46.0,,3030.0,90.0,3030.0,,
Westlake PVC,7181,"Polyvinyl Chloride, Rigid","PVC, Rigid",PVC,42.1,,2830.0,75.8,2480.0,,
Westlake PVC,7255,"Polyvinyl Chloride, Rigid","PVC, Rigid",PVC,45.5,182.0,2930.0,81.4,2830.0,,
Westlake PVC,7434,"Polyvinyl Chloride, Rigid","PVC, Rigid",PVC,,182.0,3030.0,75.8,3030.0,,
Westlake PVC,7790,"Polyvinyl Chloride, Rigid","PVC, Rigid",PVC,,,,,,,
Westlake PVC,7800,"Polyvinyl Chloride, Rigid","PVC, Rigid",PVC,46.2,182.0,2960.0,75.2,3030.0,,
Westlake PVC,8105,"Polyvinyl Chloride, Rigid","PVC, Rigid",PVC,,,2280.0,68.9,2690.0,,
Westlake PVC,8150,"Polyvinyl Chloride, Rigid","PVC, Rigid",PVC,,,2210.0,68.9,2620.0,,
Westlake PVC,8266,"Polyvinyl Chloride, Rigid","PVC, Rigid",PVC,,,2620.0,74.5,2830.0,,
Westlake PVC,8420,"Polyvinyl Chloride, Rigid","PVC, Rigid",PVC,46.0,,3340.0,83.0,2760.0,,
Westlake PVC,9129J Clear,"Polyvinyl Chloride, Rigid","PVC, Rigid",PVC,46.9,,2410.0,82.0,2480.0,,
Westlake PVC,9175 Blue 90,"Polyvinyl Chloride, Rigid","PVC, Rigid",PVC,49.6,,,89.6,2900.0,,
Westlake PVC,9175 J Clear 38,"Polyvinyl Chloride, Rigid","PVC, Rigid",PVC,49.6,,,89.6,2900.0,,
Westlake PVC,9275 J Clear 40,"Polyvinyl Chloride, Rigid","PVC, Rigid",PVC,47.6,,,89.6,2760.0,,
Westlake PVC,EP-6579,"Polyvinyl Chloride, Rigid","PVC, Rigid",PVC,34.0,,2620.0,76.0,2130.0,,
Westlake PVC,FG-9209,"Polyvinyl Chloride, Rigid","PVC, Rigid",PVC,,,,79.3,2690.0,,
Westlake PVC,HHP-190,"Polyvinyl Chloride, Rigid","PVC, Rigid",PVC,46.2,,2410.0,76.5,2410.0,,
Westlake PVC,MP-6510,"Polyvinyl Chloride, Rigid","PVC, Rigid",PVC,41.4,,2620.0,75.8,2480.0,,
Westlake PVC,MP-6585,"Polyvinyl Chloride, Rigid","PVC, Rigid",PVC,,,2620.0,75.8,2480.0,,
Westlake PVC,SP-6340,"Polyvinyl Chloride, Rigid","PVC, Rigid",PVC,51.7,,3100.0,75.8,2900.0,,
Westlake PVC,SP-6655,"Polyvinyl Chloride, Rigid","PVC, Rigid",PVC,,,,,2280.0,,
Westlake PVC,UV-6685,"Polyvinyl Chloride, Rigid","PVC, Rigid",PVC,,,2140.0,53.8,2280.0,,
Vynaprene,7907,"Polyvinyl Chloride, Rigid","PVC, Rigid",PVC,27.1,,551.0,40.9,1540.0,,
Tuf-Stif,2802,"Polyvinyl Chloride, Rigid","PVC, Rigid",PVC,44.8,,4830.0,83.4,4830.0,,
Suprel® SVA,9812,"Polyvinyl Chloride, Rigid","PVC, Rigid",PVC,,,2250.0,63.4,2320.0,,
Vinnolit®,E 2169,"Polyvinyl Chloride, Semi-Rigid","PVC, Semi-Rigid",PVC,,,,,,,
Hy-Vin®,VR820,"Polyvinyl Chloride, Rigid","PVC, Rigid",PVC,40.0,,,,,,
Hy-Vin®,XR79940,"Polyvinyl Chloride, Rigid","PVC, Rigid",PVC,38.0,,2300.0,55.0,,,
EVICOM™,RC7/025,"Polyvinyl Chloride, Rigid","PVC, Rigid",PVC,,,,,2.8,,
EVICOM™,RC7/748,"Polyvinyl Chloride, Rigid","PVC, Rigid",PVC-I,45.0,,,,2800.0,,
EVICOM™,RG7/761,"Polyvinyl Chloride, Rigid","PVC, Rigid",PVC,,,,,2.8,,
EVICOM™,RG7/915,"Polyvinyl Chloride, Rigid","PVC, Rigid",PVC,,,,,2.8,,
EVICOM™,RW7/451,"Polyvinyl Chloride, Rigid","PVC, Rigid",PVC,,,,,2.8,,
INOVYN™,173GB,"Polyvinyl Chloride, Rigid","PVC, Rigid",PVC,,,,,,,
K-Bin Rigid PVC,KB-2007,"Polyvinyl Chloride, Rigid","PVC, Rigid",PVC,49.0,,3100.0,80.3,3320.0,,
K-Bin Rigid PVC,KB-2009,"Polyvinyl Chloride, Rigid","PVC, Rigid",PVC,42.9,,2250.0,62.7,2270.0,,
K-Bin Rigid PVC,KB-5034,"Polyvinyl Chloride, Rigid","PVC, Rigid",PVC,44.8,,2620.0,65.5,2320.0,,
K-Bin Rigid PVC,KB-7471,"Polyvinyl Chloride, Rigid","PVC, Rigid",PVC,46.0,,,,3030.0,,
K-Bin Rigid PVC,KBD-5030T-5,"Polyvinyl Chloride, Rigid","PVC, Rigid",PVC,16.4,,1210.0,28.0,772.0,,
K-Bin Rigid PVC,KBD-5037T-13,"Polyvinyl Chloride, Rigid","PVC, Rigid",PVC,16.4,,1210.0,28.0,772.0,,
Rimtec PVC,3299-2 UV NATURAL,"Polyvinyl Chloride, Semi-Rigid","PVC, Semi-Rigid",PVC,,,,,,,
Rimtec PVC,4314A NAT,"Polyvinyl Chloride, Rigid","PVC, Rigid",PVC,41.4,,3100.0,,2550.0,,
Rimtec PVC,45005A,"Polyvinyl Chloride, Rigid","PVC, Rigid",PVC-I,42.1,,3030.0,,2620.0,,
Rimtec PVC,4509-6,"Polyvinyl Chloride, Rigid","PVC, Rigid",PVC-I,41.4,,2410.0,,2410.0,,
Prime,5070 CLR 01,"Polyvinyl Chloride, Rigid","PVC, Rigid",PVC,41.4,,2550.0,,2690.0,,
Prime,5490,"Polyvinyl Chloride, Rigid","PVC, Rigid",PVC-I,42.7,,2900.0,,2550.0,,
Prime,5490 WH 41,"Polyvinyl Chloride, Rigid","PVC, Rigid",PVC,42.7,,2900.0,,2550.0,,
AuroraTec™,RB 5051 BUV CLEAR,"Polyvinyl Chloride, Rigid","PVC, Rigid",PVC-I,,,2620.0,76.0,2690.0,,
AuroraTec™,RB 5051 HI-FLO,"Polyvinyl Chloride, Rigid","PVC, Rigid",PVC,,,2340.0,60.0,2070.0,,
AuroraTec™,RB 5052 GUV CLEAR,"Polyvinyl Chloride, Rigid","PVC, Rigid",PVC-I,,,2340.0,,2200.0,,
AuroraTec™,RB 5052 UV FDA CLEAR,"Polyvinyl Chloride, Rigid","PVC, Rigid",PVC-I,,,2620.0,,,,
AuroraTec™,RB 5055 UV CLEAR,"Polyvinyl Chloride, Rigid","PVC, Rigid",PVC-I,,,,76.0,2610.0,,
AuroraTec™,RR 5056 UV CLEAR,"Polyvinyl Chloride, Rigid","PVC, Rigid",PVC-I,,,,76.0,2610.0,,
AuroraTec™,RR 7800 AM NATURAL,"Polyvinyl Chloride, Rigid","PVC, Rigid",PVC-I,,,2550.0,69.0,2620.0,,
Trovidur®,EC Clad white,"Polyvinyl Chloride, Rigid","PVC, Rigid",PVC,50.0,,,70.0,2800.0,,
Trovidur®,EPC grey,"Polyvinyl Chloride, Rigid","PVC, Rigid",PVC,52.0,,,80.0,2800.0,,
Trovidur®,EPC white,"Polyvinyl Chloride, Rigid","PVC, Rigid",PVC,52.0,,,80.0,2800.0,,
Trovidur®,ET transparent,"Polyvinyl Chloride, Rigid","PVC, Rigid",PVC,70.0,,,80.0,3200.0,,
APEX®,RD 12A-021D,"Polyvinyl Chloride, Rigid","PVC, Rigid",PVC,,,,,,,
Weatherguard®,WG 1400 LG,"Polyvinyl Chloride, Rigid","PVC, Rigid",PVC,44.5,,3280.0,72.9,3010.0,,24.0
Weatherguard®,WG 1460 HG,"Polyvinyl Chloride, Rigid","PVC, Rigid",PVC,46.4,,3030.0,74.2,2830.0,,44.0
Sylvin,2904-95C White 1438,"Polyvinyl Chloride, Semi-Rigid","PVC, Semi-Rigid",PVC,,177.0,,,,,
Sylvin,6046 Black,"Polyvinyl Chloride, Rigid","PVC, Rigid",PVC,,177.0,,,,,
Sylvin,6046 Natural,"Polyvinyl Chloride, Rigid","PVC, Rigid",PVC,,177.0,,,,,
Sylvin,7608-65D Clear 8442,"Polyvinyl Chloride, Rigid","PVC, Rigid",PVC,,177.0,,,,,
Sylvin,8321-65D Natural,"Polyvinyl Chloride, Rigid","PVC, Rigid",PVC,,177.0,,,,,
Sylvin,8384-65DUV Natural,"Polyvinyl Chloride, Rigid","PVC, Rigid",PVC,,177.0,,,,,
Sylvin,8384-70DUV Natural,"Polyvinyl Chloride, Rigid","PVC, Rigid",PVC,,177.0,,,,,
Sylvin,8394-86C Natural,"Polyvinyl Chloride, Semi-Rigid","PVC, Semi-Rigid",PVC,,182.0,,,16.2,,
Sylvin,8394-90C Natural,"Polyvinyl Chloride, Semi-Rigid","PVC, Semi-Rigid",PVC,,182.0,,,18.1,,
Sylvin,86051-65DFU Clear,"Polyvinyl Chloride, Semi-Rigid","PVC, Semi-Rigid",PVC,,177.0,,,,,
Sylvin,8773-60D Brown 7373,"Polyvinyl Chloride, Rigid","PVC, Rigid",PVC,,177.0,,,,,
Sylvin,8773-60D Brown 7384,"Polyvinyl Chloride, Rigid","PVC, Rigid",PVC,,177.0,,,,,
Sylvin,8773-60D Grey 9509,"Polyvinyl Chloride, Rigid","PVC, Rigid",PVC,,177.0,,,,,
Sylvin,8839-60D Black,"Polyvinyl Chloride, Rigid","PVC, Rigid",PVC,,177.0,,,,,
Sylvin,8858-70D Natural,"Polyvinyl Chloride, Rigid","PVC, Rigid",PVC,,177.0,,,,,
Vital-Line,SHE0107,"Polyvinyl Chloride, Rigid","PVC, Rigid",PVC-P,50.0,,2490.0,,,,
Vital-Line,SMM3707,"Polyvinyl Chloride, Rigid","PVC, Rigid",PVC-P,35.0,,,,,,
Sinvicomp,DBS2605,"Polyvinyl Chloride, Rigid","PVC, Rigid",PVC,47.1,,,,,,
Sinvicomp,DBS3030,"Polyvinyl Chloride, Rigid","PVC, Rigid",PVC,39.2,,,,,,
Sinvicomp,DBS3510/3,"Polyvinyl Chloride, Rigid","PVC, Rigid",PVC,39.2,,,,,,
Sinvicomp,DBS3603,"Polyvinyl Chloride, Rigid","PVC, Rigid",PVC,,,,,,,
Sinvicomp,DBS3704,"Polyvinyl Chloride, Rigid","PVC, Rigid",PVC,3.45,,,,,,
Sinvicomp,SBB3704UV,"Polyvinyl Chloride, Rigid","PVC, Rigid",PVC,48.0,,,,,,
Sinvicomp,SBB4710,"Polyvinyl Chloride, Rigid","PVC, Rigid",PVC,43.1,,,,,,
Sinvicomp,SBF3715,"Polyvinyl Chloride, Rigid","PVC, Rigid",PVC,30.0,,,,,,
Sinvicomp,SBF3742,"Polyvinyl Chloride, Rigid","PVC, Rigid",PVC,46.0,,,,,,
Sinvicomp,SBF3744,"Polyvinyl Chloride, Rigid","PVC, Rigid",PVC,48.0,,,,,,
Sinvicomp,SGN4029,"Polyvinyl Chloride, Rigid","PVC, Rigid",PVC,17.7,,,,,,
Sinvicomp,SIC3704AUV,"Polyvinyl Chloride, Rigid","PVC, Rigid",PVC,35.0,,,,,,
Sinvicomp,SRF3705Z,"Polyvinyl Chloride, Rigid","PVC, Rigid",PVC,49.0,,,,,,
Sinvicomp,SRF3715,"Polyvinyl Chloride, Rigid","PVC, Rigid",PVC,45.1,,,,,,
Sinvicomp,SRF3812,"Polyvinyl Chloride, Rigid","PVC, Rigid",PVC,48.0,,2600.0,79.5,2700.0,,6.0
Sinvicomp,SRF6603,"Polyvinyl Chloride, Rigid","PVC, Rigid",PVC,43.0,,,,,,15.0
Sinvicomp,SRF9702/C,"Polyvinyl Chloride, Rigid","PVC, Rigid",PVC,57.9,,,,,,17.0
Sinvicomp,SRP3605A,"Polyvinyl Chloride, Rigid","PVC, Rigid",PVC,45.0,,,,,,
Sinvicomp,SRP3606A,"Polyvinyl Chloride, Rigid","PVC, Rigid",PVC,43.0,,,,,,
Sinvicomp,SRP3613A,"Polyvinyl Chloride, Rigid","PVC, Rigid",PVC,45.0,,,,,,
APEX®,02-A0332B1-92,"Polyvinyl Chloride, Semi-Rigid","PVC, Semi-Rigid",PVC,,,,,,,
APEX®,14-A6626A-100 UV,"Polyvinyl Chloride, Semi-Rigid","PVC, Semi-Rigid",PVC,,,,,,,
APEX®,14-N6489B-81,"Polyvinyl Chloride, Semi-Rigid","PVC, Semi-Rigid",PVC,,,,,,,
APEX®,1545-90-N-00,"Polyvinyl Chloride, Semi-Rigid","PVC, Semi-Rigid",PVC,,,,,,,
APEX®,2334A4-95A1,"Polyvinyl Chloride, Semi-Rigid","PVC, Semi-Rigid",PVC,,,,,,,
APEX®,60001-L,"Polyvinyl Chloride, Semi-Rigid","PVC, Semi-Rigid",PVC,,,,,,,
APEX®,60003,"Polyvinyl Chloride, Semi-Rigid","PVC, Semi-Rigid",PVC,,,,,,,
APEX®,80873,"Polyvinyl Chloride, Semi-Rigid","PVC, Semi-Rigid",PVC,,,,,,,
APEX®,RE 8003,"Polyvinyl Chloride, Rigid","PVC, Rigid",PVC,45.0,,2680.0,,2380.0,,
APEX®,RE 8102A NT,"Polyvinyl Chloride, Rigid","PVC, Rigid",PVC,,,,,2560.0,,
APEX®,RE 8114 UV NT,"Polyvinyl Chloride, Rigid","PVC, Rigid",PVC,,,,,2480.0,,
APEX®,RM 8101R-NT,"Polyvinyl Chloride, Rigid","PVC, Rigid",PVC,,,,,2310.0,,
APEX®,RM 8102 NT,"Polyvinyl Chloride, Rigid","PVC, Rigid",PVC,,,,,2560.0,,
Hoffman PVC,117-110,"Polyvinyl Chloride, Rigid","PVC, Rigid",PVC,,,3030.0,90.3,2900.0,,
Hoffman PVC,V7-47,"Polyvinyl Chloride, Rigid","PVC, Rigid",PVC,,,2900.0,68.9,2830.0,,
Hoffman PVC,V7-54,"Polyvinyl Chloride, Rigid","PVC, Rigid",PVC,,,2760.0,75.8,2620.0,,
GEON® Rigid,2188GC,"Polyvinyl Chloride, Rigid","PVC, Rigid",PVC-I,43.4,,2580.0,77.2,2390.0,,
GEON® Rigid,6602,"Polyvinyl Chloride, Rigid","PVC, Rigid",PVC,,,2520.0,70.3,2450.0,,
GEON® Rigid,87262,"Polyvinyl Chloride, Rigid","PVC, Rigid",PVC,40.9,,2520.0,73.0,2610.0,,
GEON® Rigid,87350,"Polyvinyl Chloride, Rigid","PVC, Rigid",PVC,43.4,,2450.0,70.3,2480.0,,
GEON® Rigid,87358,"Polyvinyl Chloride, Rigid","PVC, Rigid",PVC,46.5,,2740.0,78.6,2560.0,,
GEON® Rigid,87416,"Polyvinyl Chloride, Rigid","PVC, Rigid",PVC-I,44.1,,2960.0,84.8,2480.0,,
GEON® Rigid,87547,"Polyvinyl Chloride, Rigid","PVC, Rigid",PVC-I,53.4,,2840.0,88.5,2790.0,,
GEON® Rigid,87548,"Polyvinyl Chloride, Rigid","PVC, Rigid",PVC-I,53.4,,2840.0,88.5,2790.0,,
GEON® Rigid,87555,"Polyvinyl Chloride, Rigid","PVC, Rigid",PVC-I,53.4,,2840.0,88.5,2790.0,,
GEON® Rigid,87727-0284,"Polyvinyl Chloride, Rigid","PVC, Rigid",PVC,56.9,,2920.0,93.5,2870.0,,
GEON® Rigid,A-6601,"Polyvinyl Chloride, Rigid","PVC, Rigid",PVC-I,,,2830.0,77.2,2830.0,,
GEON® Rigid,Clear OxyPurge,"Polyvinyl Chloride, Rigid","PVC, Rigid",PVC,,,,,,,
GEON® Rigid,E0916,"Polyvinyl Chloride, Rigid","PVC, Rigid",PVC,,,,,,,
GEON® Rigid,E4910 WHITE 1777,"Polyvinyl Chloride, Rigid","PVC, Rigid",PVC,47.8,,3150.0,88.3,2780.0,,
GEON® Rigid,E7009,"Polyvinyl Chloride, Rigid","PVC, Rigid",PVC-I,47.0,,3320.0,84.0,3070.0,,
GEON® Rigid,E7507,"Polyvinyl Chloride, Rigid","PVC, Rigid",PVC-I,48.6,,3020.0,85.2,2740.0,,
GEON® Rigid,E7755,"Polyvinyl Chloride, Rigid","PVC, Rigid",PVC-I,43.4,,3010.0,79.4,2920.0,,
GEON® Rigid,EP680,"Polyvinyl Chloride, Rigid","PVC, Rigid",PVC-I,41.9,,3650.0,85.1,3170.0,,
GEON® Rigid,HC 4895,"Polyvinyl Chloride, Rigid","PVC, Rigid",PVC-I,42.7,,2340.0,68.9,2410.0,,
GEON® Rigid,HC 8210,"Polyvinyl Chloride, Rigid","PVC, Rigid",PVC-I,41.4,,2340.0,66.9,2280.0,,
GEON® Rigid,HC 8260,"Polyvinyl Chloride, Rigid","PVC, Rigid",PVC-I,43.0,,2380.0,69.0,2300.0,,
GEON® Rigid,L0152,"Polyvinyl Chloride, Rigid","PVC, Rigid",PVC-I,43.9,,2810.0,80.7,2610.0,,
GEON® Rigid,L4230,"Polyvinyl Chloride, Rigid","PVC, Rigid",PVC-I,42.1,,2340.0,66.9,2240.0,,
GEON® Rigid,L7035,"Polyvinyl Chloride, Rigid","PVC, Rigid",PVC-I,44.8,,3290.0,84.1,2970.0,,
GEON® Rigid,L7456,"Polyvinyl Chloride, Rigid","PVC, Rigid",PVC-I,47.9,,2880.0,90.3,3090.0,,
GEON® Rigid,LR610 white 1046,"Polyvinyl Chloride, Rigid","PVC, Rigid",PVC,39.4,,2810.0,,3330.0,,
GEON® Rigid,LR620 white 1046,"Polyvinyl Chloride, Rigid","PVC, Rigid",PVC,40.7,,2430.0,,3010.0,,
GEON® Rigid,LR840,"Polyvinyl Chloride, Rigid","PVC, Rigid",PVC,39.3,,,,2340.0,,
GEON® Rigid,LS 12000M,"Polyvinyl Chloride, Rigid","PVC, Rigid",PVC-I,44.8,,2410.0,70.3,2410.0,,
GEON® Rigid,LS12000E,"Polyvinyl Chloride, Rigid","PVC, Rigid",PVC,56.9,,2920.0,93.5,2870.0,,
GEON® Rigid,LS12010E,"Polyvinyl Chloride, Rigid","PVC, Rigid",PVC-I,53.4,,2840.0,88.5,2790.0,,
GEON® Rigid,LS13010E DIFFUSE Provisional,"Polyvinyl Chloride, Rigid","PVC, Rigid",PVC,51.8,,2890.0,82.6,2760.0,,
GEON® Rigid,LS13010M,"Polyvinyl Chloride, Rigid","PVC, Rigid",PVC,46.9,,2680.0,75.7,2530.0,,
GEON® Rigid,M1016,"Polyvinyl Chloride, Rigid","PVC, Rigid",PVC,52.4,,2960.0,85.5,2960.0,,
GEON® Rigid,M1018,"Polyvinyl Chloride, Rigid","PVC, Rigid",PVC,52.4,,2960.0,85.5,2960.0,,
GEON® Rigid,M4950,"Polyvinyl Chloride, Rigid","PVC, Rigid",PVC,55.8,,2960.0,89.6,2960.0,,
GEON® Rigid,M5015,"Polyvinyl Chloride, Rigid","PVC, Rigid",PVC-I,48.3,,2650.0,75.8,2790.0,,
GEON® Rigid,UV-SORB-1,"Polyvinyl Chloride, Rigid","PVC, Rigid",PVC-I,41.4,,2620.0,77.9,2690.0,,
GEON® Plus,L6105 natural,"Polyvinyl Chloride, Rigid","PVC, Rigid",PVC,54.8,,4540.0,95.1,4720.0,,
GEON® Plus,M7010,"Polyvinyl Chloride, Rigid","PVC, Rigid",PVC-I,41.4,,2310.0,62.7,2280.0,,
GEON® Plus,M7020,"Polyvinyl Chloride, Rigid","PVC, Rigid",PVC-I,41.4,,2310.0,62.7,2280.0,,
GEON® Plus,M7100,"Polyvinyl Chloride, Rigid","PVC, Rigid",PVC-I,47.6,,2920.0,80.7,2530.0,,
GEON® Lite,E2500,"Polyvinyl Chloride, Rigid","PVC, Rigid",PVC,51.6,,3420.0,96.8,3380.0,,
SILVER®,EX02,"Polyvinyl Chloride, Rigid","PVC, Rigid",PVC,,,2800.0,86.0,,,
SILVER®,FG01,"Polyvinyl Chloride, Rigid","PVC, Rigid",PVC,,,2600.0,72.0,,,3.4
SILVER®,FG03,"Polyvinyl Chloride, Rigid","PVC, Rigid",PVC,,,2350.0,74.0,,,3.6
Etinox®,EF-0134,"Polyvinyl Chloride, Rigid","PVC, Rigid",PVC,,,,,,,
Etinox®,EP-9017,"Polyvinyl Chloride, Semi-Rigid","PVC, Semi-Rigid",PVC,,,,,,,
Etinox®,EP-9027,"Polyvinyl Chloride, Semi-Rigid","PVC, Semi-Rigid",PVC,,,,,,,
Fainplast PVC,RKI 715/3,"Polyvinyl Chloride, Rigid","PVC, Rigid",PVC,41.0,,,,,,
Fainplast PVC,RKS 441/W,"Polyvinyl Chloride, Rigid","PVC, Rigid",PVC,38.0,,,,,,
Formolon®,616K,"Polyvinyl Chloride, Rigid","PVC, Rigid",PVC,,,,,,,
Formolon®,622S,"Polyvinyl Chloride, Rigid","PVC, Rigid",PVC,,,,,,,
Formolon®,AW04,"Polyvinyl Chloride, Rigid","PVC, Rigid",PVC,,,,,2830.0,,
PETILEN,S27/R63,"Polyvinyl Chloride, Rigid","PVC, Rigid",PVC,,,,,,,
PETILEN,S65/R68,"Polyvinyl Chloride, Rigid","PVC, Rigid",PVC,,,,,,,
Auroralite™,AP3293,"Polyvinyl Chloride, Rigid","PVC, Rigid",PVC,,,1380.0,24.1,1240.0,,
Auroralite™,AP3338,"Polyvinyl Chloride, Rigid","PVC, Rigid",PVC,,,1380.0,36.4,1100.0,,
Auroralite™,AP3369,"Polyvinyl Chloride, Rigid","PVC, Rigid",PVC,,,1030.0,24.1,896.0,,
AuroraGuard™,AP5155E,"Polyvinyl Chloride, Rigid","PVC, Rigid",PVC,,,,,2990.0,,
Unichem,1114-05,"Polyvinyl Chloride, Rigid","PVC, Rigid",PVC,,188.0,,,,,
Dugdale PVC,Easy Flow Injection Molding Compound,"Polyvinyl Chloride, Rigid","PVC, Rigid",PVC,,,,,,,
Dugdale PVC,Rigid Bottle Compound,"Polyvinyl Chloride, Rigid","PVC, Rigid",PVC,,,,,,,
Dugdale PVC,Rigid Extrusion - Water White Compound,"Polyvinyl Chloride, Rigid","PVC, Rigid",PVC,,,,,,,
Dugdale PVC,Rigid Extrusion White Compound,"Polyvinyl Chloride, Rigid","PVC, Rigid",PVC,42.0,,,,,,
Colorite Rigid PVC,1124-03,"Polyvinyl Chloride, Rigid","PVC, Rigid",PVC,,,,,,,
Colorite Rigid PVC,2501,"Polyvinyl Chloride, Rigid","PVC, Rigid",PVC,,,,,,,
Colorite Rigid PVC,2600 NAT,"Polyvinyl Chloride, Rigid","PVC, Rigid",PVC,,,,,,,
Colorite Rigid PVC,2600 UVLCR,"Polyvinyl Chloride, Rigid","PVC, Rigid",PVC,,,,,,,
Colorite Rigid PVC,2690 CLR,"Polyvinyl Chloride, Rigid","PVC, Rigid",PVC,,,,,,,
MARPOL®,PVC GP K65.67,"Polyvinyl Chloride, Rigid","PVC, Rigid",PVC,,,,,,,
Sumikon® VM,1712L17D,"Polyvinyl Chloride, Rigid","PVC, Rigid",PVC,,,,,,,
VINIKA®,D3123,"Polyvinyl Chloride, Rigid","PVC, Rigid",PVC,,,,,,,
VINIKA®,D6228,"Polyvinyl Chloride, Rigid","PVC, Rigid",PVC,,,,,,,
VINIKA®,D7619,"Polyvinyl Chloride, Rigid","PVC, Rigid",PVC,,,,,,,
VINIKA®,T133D,"Polyvinyl Chloride, Rigid","PVC, Rigid",PVC,,,,,,,
Small Boss,RPVC003,"Polyvinyl Chloride, Rigid","PVC, Rigid",PVC,,,,,,,
Small Boss,RPVC004,"Polyvinyl Chloride, Rigid","PVC, Rigid",PVC,,,,,,,
Small Boss,RPVC01,"Polyvinyl Chloride, Rigid","PVC, Rigid",PVC,,,,,,,
Westlake PVC,21572,"Polyvinyl Chloride, Semi-Rigid","PVC, Semi-Rigid",PVC,,,,,,,
Westlake PVC,2651,"Polyvinyl Chloride, Rigid","PVC, Rigid",PVC,43.4,,2550.0,73.2,2740.0,,
Westlake PVC,3101,"Polyvinyl Chloride, Rigid","PVC, Rigid",PVC,43.2,,2960.0,88.9,2700.0,,
Westlake PVC,3245,"Polyvinyl Chloride, Rigid","PVC, Rigid",PVC,44.1,,2690.0,82.0,2590.0,,
Westlake PVC,3296,"Polyvinyl Chloride, Rigid","PVC, Rigid",PVC,43.0,,,72.0,2760.0,,
Westlake PVC,3801,"Polyvinyl Chloride, Rigid","PVC, Rigid",PVC,,,1030.0,24.5,1810.0,,
Westlake PVC,5009,"Polyvinyl Chloride, Rigid","PVC, Rigid",PVC,,,2690.0,82.7,2760.0,,
Westlake PVC,7140,"Polyvinyl Chloride, Rigid","PVC, Rigid",PVC,44.8,182.0,2760.0,83.4,2620.0,,
Westlake PVC,7140 White 91,"Polyvinyl Chloride, Rigid","PVC, Rigid",PVC,,,2690.0,79.8,3610.0,,
Westlake PVC,7221,"Polyvinyl Chloride, Rigid","PVC, Rigid",PVC,43.0,,2590.0,69.0,2650.0,,
Westlake PVC,7450,"Polyvinyl Chloride, Rigid","PVC, Rigid",PVC,42.7,,2480.0,81.4,2450.0,,
Westlake PVC,7456,"Polyvinyl Chloride, Rigid","PVC, Rigid",PVC,44.8,,2450.0,75.8,2810.0,,
Westlake PVC,7768,"Polyvinyl Chloride, Rigid","PVC, Rigid",PVC,46.7,,2490.0,72.4,3220.0,,
Westlake PVC,7777,"Polyvinyl Chloride, Rigid","PVC, Rigid",PVC,43.4,,2430.0,80.7,3500.0,,
Westlake PVC,8258,"Polyvinyl Chloride, Rigid","PVC, Rigid",PVC,,,,82.7,2480.0,,
Westlake PVC,8266 Natural 01,"Polyvinyl Chloride, Rigid","PVC, Rigid",PVC,44.8,,2620.0,74.5,2830.0,,
Westlake PVC,8266 Natural 02,"Polyvinyl Chloride, Rigid","PVC, Rigid",PVC,,,2610.0,74.5,2830.0,,
Westlake PVC,8266 White,"Polyvinyl Chloride, Rigid","PVC, Rigid",PVC,,,2610.0,74.5,2830.0,,
Westlake PVC,8268,"Polyvinyl Chloride, Rigid","PVC, Rigid",PVC,44.8,,2620.0,81.4,2620.0,,
Westlake PVC,8302,"Polyvinyl Chloride, Rigid","PVC, Rigid",PVC,41.4,185.0,2550.0,84.1,2210.0,,
Westlake PVC,9017,"Polyvinyl Chloride, Rigid","PVC, Rigid",PVC,44.8,,,81.4,2550.0,,
Westlake PVC,9113J Clear 61,"Polyvinyl Chloride, Rigid","PVC, Rigid",PVC,,,,75.8,2520.0,,
Westlake PVC,9175 Amber 12,"Polyvinyl Chloride, Rigid","PVC, Rigid",PVC,49.6,,,89.6,2900.0,,
Westlake PVC,9202J,"Polyvinyl Chloride, Rigid","PVC, Rigid",PVC,41.4,,2240.0,69.6,2410.0,,
Westlake PVC,CL-7049J,"Polyvinyl Chloride, Rigid","PVC, Rigid",PVC,37.0,,2140.0,66.0,2410.0,,
Westlake PVC,FG-9017,"Polyvinyl Chloride, Rigid","PVC, Rigid",PVC,45.0,,,81.0,2550.0,,
Westlake PVC,FG-9208,"Polyvinyl Chloride, Rigid","PVC, Rigid",PVC,,,2620.0,80.7,2690.0,,
Westlake PVC,GP-9190J,"Polyvinyl Chloride, Rigid","PVC, Rigid",PVC,46.0,,2410.0,83.0,2480.0,,
Westlake PVC,HHW-191(6191),"Polyvinyl Chloride, Rigid","PVC, Rigid",PVC,46.2,,2410.0,75.8,2410.0,,
Westlake PVC,HR-5009,"Polyvinyl Chloride, Rigid","PVC, Rigid",PVC,50.3,199.0,2900.0,89.6,2830.0,,
Westlake PVC,LR-5009,"Polyvinyl Chloride, Rigid","PVC, Rigid",PVC,50.5,,2980.0,88.3,2960.0,,
Westlake PVC,NR-5009,"Polyvinyl Chloride, Rigid","PVC, Rigid",PVC,,,2900.0,89.6,2830.0,,
Tuf-Stif,2804,"Polyvinyl Chloride, Rigid","PVC, Rigid",PVC,46.2,,4650.0,86.2,4140.0,,
Suprel® SVA,9412,"Polyvinyl Chloride, Rigid","PVC, Rigid",PVC,,,1720.0,50.3,1930.0,,
Vinakon®,XL79449,"Polyvinyl Chloride, Rigid","PVC, Rigid",PVC,35.0,,2500.0,52.0,,,60.0
Hy-Vin®,VQ130,"Polyvinyl Chloride, Rigid","PVC, Rigid",PVC,44.8,,,,,,
Hy-Vin®,XM81509,"Polyvinyl Chloride, Rigid","PVC, Rigid",PVC,48.0,,,,,,
Hy-Vin®,XP80138,"Polyvinyl Chloride, Rigid","PVC, Rigid",PVC,,,2800.0,78.3,,,
K-Bin Rigid PVC,KB-5048,"Polyvinyl Chloride, Rigid","PVC, Rigid",PVC,45.4,,2720.0,72.7,2980.0,,
K-Bin Rigid PVC,KBD-5030T-9,"Polyvinyl Chloride, Rigid","PVC, Rigid",PVC,16.4,,1210.0,28.0,772.0,,
Trovidur®,EC-FR,"Polyvinyl Chloride, Rigid","PVC, Rigid",PVC,50.0,,,80.0,3000.0,,
Trovidur®,ESA,"Polyvinyl Chloride, Rigid","PVC, Rigid",PVC,45.0,,,60.0,2500.0,,
Rimtec PVC,4110 N CLEAR,"Polyvinyl Chloride, Rigid","PVC, Rigid",PVC,43.4,,2550.0,,2410.0,,
Rimtec PVC,43017 UV CLEAR,"Polyvinyl Chloride, Rigid","PVC, Rigid",PVC,44.8,,2550.0,,2480.0,,
Rimtec PVC,43051,"Polyvinyl Chloride, Rigid","PVC, Rigid",PVC,38.6,,2830.0,,2760.0,,
Rimtec PVC,4504-6 UV NAT,"Polyvinyl Chloride, Rigid","PVC, Rigid",PVC-I,40.0,,2900.0,,2410.0,,
Rimtec PVC,4509-7 UV NATURAL,"Polyvinyl Chloride, Rigid","PVC, Rigid",PVC-I,44.1,,2690.0,,2550.0,,
Prime,2500,"Polyvinyl Chloride, Rigid","PVC, Rigid",PVC,50.3,,2930.0,,3000.0,,
Prime,4104,"Polyvinyl Chloride, Rigid","PVC, Rigid",PVC,45.5,,2850.0,,2690.0,,
Prime,4250 NAT 06,"Polyvinyl Chloride, Rigid","PVC, Rigid",PVC,,,2830.0,84.1,2830.0,,
Prime,6600,"Polyvinyl Chloride, Rigid","PVC, Rigid",PVC,45.5,,2620.0,,2760.0,,
Prime,8600,"Polyvinyl Chloride, Rigid","PVC, Rigid",PVC,44.1,,2900.0,,3030.0,,
Auroralite™,AP3335,"Polyvinyl Chloride, Rigid","PVC, Rigid",PVC,,,1030.0,24.1,896.0,,
AuroraTec™,AP 2243 AT12C GRAY,"Polyvinyl Chloride, Rigid","PVC, Rigid",PVC,,,2590.0,72.0,2760.0,,
AuroraTec™,AP2503XNT1001,"Polyvinyl Chloride, Rigid","PVC, Rigid",PVC,,,3680.0,69.7,3550.0,,
AuroraTec™,RR 0188 PC1 BK2880,"Polyvinyl Chloride, Rigid","PVC, Rigid",PVC,,,2360.0,68.0,2830.0,,
AuroraTec™,RR 5056 UV2 CLEAR,"Polyvinyl Chloride, Rigid","PVC, Rigid",PVC-I,,,,76.0,2610.0,,
AuroraTec™,RR 7800 MC NATURAL,"Polyvinyl Chloride, Rigid","PVC, Rigid",PVC,,,2550.0,69.0,2620.0,,
AuroraTec™,RR 7803 U2 NATURAL,"Polyvinyl Chloride, Rigid","PVC, Rigid",PVC,,,2620.0,69.0,2550.0,,
Boltaron,4800,"Polyvinyl Chloride, Rigid","PVC, Rigid",PVC,,,2070.0,54.0,,,
GEON® Rigid,87568,"Polyvinyl Chloride, Rigid","PVC, Rigid",PVC,53.8,,,,2830.0,,
GEON® Rigid,L6183R,"Polyvinyl Chloride, Rigid","PVC, Rigid",PVC-I,43.8,,3630.0,77.9,3390.0,,
Trovidur®,EC N red,"Polyvinyl Chloride, Rigid","PVC, Rigid",PVC,55.0,,,80.0,3000.0,,
Trovidur®,PVC-U black,"Polyvinyl Chloride, Rigid","PVC, Rigid",PVC,45.0,,,,3000.0,,
Sinvicomp,SIC3700UV,"Polyvinyl Chloride, Rigid","PVC, Rigid",PVC,57.0,,,,,,
Weatherguard®,WG 1028 HG Series,"Polyvinyl Chloride, Rigid","PVC, Rigid",PVC,45.6,,3360.0,74.0,3170.0,,19.0
